MANDT,EBELN,EBELP,LOEKZ,STATU,AEDAT,TXZ01,MATNR,EMATN,BUKRS,WERKS,LGORT,BEDNR,MATKL,INFNR,IDNLF,KTMNG,MENGE,MEINS,BPRME,BPUMZ,BPUMN,UMREZ,UMREN,NETPR,PEINH,NETWR,BRTWR,AGDAT,WEBAZ,MWSKZ,BONUS,INSMK,SPINF,PRSDR,SCHPR,MAHNZ,MAHN1,MAHN2,MAHN3,UEBTO,UEBTK,UNTTO,BWTAR,BWTTY,ABSKZ,AGMEM,ELIKZ,EREKZ,PSTYP,KNTTP,KZVBR,VRTKZ,TWRKZ,WEPOS,WEUNB,REPOS,WEBRE,KZABS,LABNR,KONNR,KTPNR,ABDAT,ABFTZ,ETFZ1,ETFZ2,KZSTU,NOTKZ,LMEIN,EVERS,ZWERT,NAVNW,ABMNG,PRDAT,BSTYP,EFFWR,XOBLR,KUNNR,ADRNR,EKKOL,SKTOF,STAFO,PLIFZ,NTGEW,GEWEI,TXJCD,ETDRK,SOBKZ,ARSNR,ARSPS,INSNC,SSQSS,ZGTYP,EAN11,BSTAE,REVLV,GEBER,FISTL,FIPOS
670,4500000000,10,,,05/03/2017,Off Road Helmet,OHMT1999,OHMT1999,US00,MI00,,,SFTY,5300000000.0,,0.0,          60.000,EA,EA,1,1,1,1,        25.00,1,"       1,500.00","       1,500.00",00/00/0000,0,,,,C,X,,0,0,0,0,0.0,,0.0,,,,,X,,0,,,,,X,,X,,,,,0,00/00/0000,0.0,0,0,,,EA,,0.0,0.0,0.0,04/12/2017,F,"       1,500.00",,,,,,SAP,1,          15.000,OZ,,,,0,0,,,,,,,,,
670,4500000000,20,,,05/03/2017,Road Helmet,RHMT1999,RHMT1999,US00,MI00,,,SFTY,5300000001.0,,0.0,         150.000,EA,EA,1,1,1,1,        25.00,1,"       3,750.00","       3,750.00",00/00/0000,0,,,,C,X,,0,0,0,0,0.0,,0.0,,,,,X,,0,,,,,X,,X,,,,,0,00/00/0000,0.0,0,0,,,EA,,0.0,0.0,0.0,04/12/2017,F,"       3,750.00",,,,,,SAP,1,          10.000,OZ,,,,0,0,,,,,,,,,
670,4500000001,10,,,04/23/2018,Infinity Stone,INFINITY-STONE-001,INFINITY-STONE-001,US00,DL00,RM00,,RAW,5300000010.0,,0.0,           4.000,KI,KI,1,1,1,1,"     7,000.00",1,"      28,000.00","       8,000.00",00/00/0000,0,XI,,,C,X,,0,0,0,0,0.0,,0.0,,,,,X,,0,K,V,,,X,,X,,,,,0,00/00/0000,0.0,0,0,,,KI,,0.0,0.0,0.0,04/23/2018,F,"      28,000.00",X,,,,,SAP,0,           0.000,,TX0000000,,,0,0,,,,,,,,,
670,4500000002,10,,,04/23/2018,Tesseract,TESSERACT,TESSERACT,US00,DL00,RM00,,RAW,5300000011.0,,0.0,           4.000,EA,EA,1,1,1,1,"     1,200.00",1,"       4,800.00","       4,000.00",00/00/0000,0,XI,,,C,X,,0,0,0,0,0.0,,0.0,,,,,X,,0,K,V,,,X,,X,,,,,0,00/00/0000,0.0,0,0,,,EA,,0.0,0.0,0.0,04/23/2018,F,"       4,800.00",X,,,,,SAP,0,           0.000,,TX0000000,,,0,0,,,,,,,,,
670,4500000003,10,,,04/26/2018,Kryptonite,KRYPTONITE-027,KRYPTONITE-027,US00,DL00,RM00,,RAW,5300000012.0,,0.0,          20.000,G,G,1,1,1,1,"     1,089.00",1,"      21,780.00","      19,800.00",00/00/0000,0,XI,,,C,X,,0,0,0,0,0.0,,0.0,,,,,X,,0,K,V,,,X,,X,,,,,0,00/00/0000,0.0,0,0,,,G,,0.0,0.0,0.0,04/26/2018,F,"      21,780.00",X,,,,,SAP,0,           0.000,,TX0000000,,,0,0,,,,,,,,,
670,4500000004,10,,,04/27/2018,Kryptonite,KRYPTONITE-011,KRYPTONITE-011,US00,DL00,RM00,,RAW,5300000013.0,,0.0,          30.000,LB,LB,1,1,1,1,"     1,100.00",1,"      33,000.00","      30,000.00",00/00/0000,0,XI,,,C,X,,0,0,0,0,0.0,,0.0,,,,,X,,0,K,V,,,X,,X,,,,,0,00/00/0000,0.0,0,0,,,LB,,0.0,0.0,0.0,04/27/2018,F,"      33,000.00",X,,,,,SAP,0,           0.000,,TX0000000,,,0,0,,,,,,,,,
670,4500000005,10,,,04/27/2018,Cabernet,CABERNET-028,CABERNET-028,US00,DL00,RM00,,RAW,5300000014.0,,0.0,          12.000,L,L,1,1,1,1,        16.00,1,         192.00,         180.00,00/00/0000,0,XI,,,C,X,,0,0,0,0,0.0,,0.0,,,,,X,,0,K,V,,,X,,X,,,,,0,00/00/0000,0.0,0,0,,,L,,0.0,0.0,0.0,04/27/2018,F,         192.00,X,,,,,SAP,0,           0.000,,TX0000000,,,0,0,,,,,,,,,
670,4500000006,10,,,00/00/0000,Kryptonite,KRYPTONITE-007,KRYPTONITE-007,US00,DL00,RM00,,RAW,,,0.0,           5.000,LB,LB,1,1,1,1,         0.00,1,          25.00,           0.00,00/00/0000,0,XI,,,A,X,,0,0,0,0,0.0,,0.0,,,,,,,0,K,V,,,X,,X,,,,,0,00/00/0000,0.0,0,0,,,LB,,0.0,0.0,0.0,04/27/2018,F,           0.00,X,,,,,SAP,0,           0.000,,TEXAS,,,0,0,,,,,,,,,
670,4500000007,10,,,04/27/2018,Kryptonite,KRYPTONITE-015,KRYPTONITE-015,US00,DL00,RM00,,RAW,5300000015.0,,0.0,           5.000,LB,LB,1,1,1,1,"     1,100.00",1,"       5,500.00","       5,000.00",00/00/0000,0,XI,,,C,X,,0,0,0,0,0.0,,0.0,,,,,X,,0,K,V,,,X,,X,,,,,0,00/00/0000,0.0,0,0,,,LB,,0.0,0.0,0.0,04/27/2018,F,"       5,500.00",X,,,,,SAP,0,           0.000,,TX0000000,,,0,0,,,,,,,,,
670,4500000008,10,,,04/28/2018,vibranium,VIBRANIUM-030,VIBRANIUM-030,US00,DL00,RM00,,RAW,5300000016.0,,0.0,          10.000,LB,LB,1,1,1,1,"     1,600.00",1,"      16,000.00","      15,000.00",00/00/0000,0,XI,,,C,X,,0,0,0,0,0.0,,0.0,,,,,X,,0,K,V,,,X,,X,,,,,0,00/00/0000,0.0,0,0,,,LB,,0.0,0.0,0.0,04/28/2018,F,"      16,000.00",X,,,,,SAP,0,           0.000,,TX0000000,,,0,0,,,,,,,,,
670,4500000009,10,,,04/29/2018,Related to Superman,KRYPTONIGTE-086,KRYPTONIGTE-086,US00,DL00,RM00,,RAW,5300000017.0,,0.0,           5.000,LB,LB,1,1,1,1,"     5,100.00",1,"      25,500.00","      25,000.00",00/00/0000,0,XI,,,C,X,,0,0,0,0,0.0,,0.0,,,,,X,,0,K,V,,,X,,X,,,,,0,00/00/0000,0.0,0,0,,,LB,,0.0,0.0,0.0,04/29/2018,F,"      25,500.00",X,,,,,SAP,0,           0.000,,TX0000000,,,0,0,,,,,,,,,
670,4500000010,10,,,04/29/2018,polyester fabric,POLYESTER-007,POLYESTER-007,US00,DL00,RM00,,RAW,5300000018.0,,0.0,"       1,000.000",IN,IN,1,1,1,1,         5.50,1,"       5,500.00","       5,000.00",00/00/0000,0,XI,,,C,X,,0,0,0,0,0.0,,0.0,,,,,,,0,K,V,,,X,,X,,,,,0,00/00/0000,0.0,0,0,,,IN,,0.0,0.0,0.0,04/29/2018,F,"       5,500.00",X,,,,,SAP,0,           0.000,,TX0000000,,,0,0,,,,,,,,,
670,4500000011,10,,,04/29/2018,polyester fabric,POLYESTER-007,POLYESTER-007,US00,DL00,RM00,,RAW,5300000018.0,,0.0,"       1,000.000",IN,IN,1,1,1,1,         5.50,1,"       5,500.00","       5,000.00",00/00/0000,0,XI,,,C,X,,0,0,0,0,0.0,,0.0,,,,,X,,0,K,V,,,X,,X,,,,,0,00/00/0000,0.0,0,0,,,IN,,0.0,0.0,0.0,04/29/2018,F,"       5,500.00",X,,,,,SAP,0,           0.000,,TX0000000,,,0,0,,,,,,,,,
670,4500000012,10,,,04/29/2018,Kryptonite,KRYPTONITE-056,KRYPTONITE-056,US00,DL00,RM00,,RAW,5300000019.0,,0.0,"       1,000.000",LB,LB,1,1,1,1,"     1,080.00",1,"   1,080,000.00","   1,000,000.00",00/00/0000,0,XI,,,C,X,,0,0,0,0,0.0,,0.0,,,,,X,,0,K,V,,,X,,X,,,,,0,00/00/0000,0.0,0,0,,,LB,,0.0,0.0,0.0,04/29/2018,F,"   1,080,000.00",X,,,,,SAP,0,           0.000,,TX0000000,,,0,0,,,,,,,,,
670,4500000013,10,,,04/29/2018,Kryptonite,KRYPTONITE-090,KRYPTONITE-090,US00,DL00,RM00,,RAW,5300000020.0,,0.0,"       1,000.000",LB,LB,1,1,1,1,"     1,200.00",1,"   1,200,000.00","   1,100,000.00",00/00/0000,0,XI,,,C,X,,0,0,0,0,0.0,,0.0,,,,,X,,0,K,V,,,X,,X,,,,,0,00/00/0000,0.0,0,0,,,LB,,0.0,0.0,0.0,04/29/2018,F,"   1,200,000.00",X,,,,,SAP,0,           0.000,,TX0000000,,,0,0,,,,,,,,,
670,4500000014,10,,,04/29/2018,Kryptonite,KRYPTONITE-026,KRYPTONITE-026,US00,DL00,RM00,,RAW,5300000021.0,,0.0,           1.000,LB,LB,1,1,1,1,"     1,100.00",1,"       1,100.00","       1,000.00",00/00/0000,0,XI,,,C,X,,0,0,0,0,0.0,,0.0,,,,,X,,0,K,V,,,X,,X,,,,,0,00/00/0000,0.0,0,0,,,LB,,0.0,0.0,0.0,04/29/2018,F,"       1,100.00",X,,,,,SAP,0,           0.000,,TX0000000,,,0,0,,,,,,,,,
670,4500000015,10,,,04/29/2018,Bamboo,BAMBOO-018,BAMBOO-018,US00,DL00,RM00,,RAW,5300000022.0,,0.0,         100.000,IN,IN,1,1,1,1,         5.05,1,         505.00,         500.00,00/00/0000,0,XI,,,C,X,,0,0,0,0,0.0,,0.0,,,,,X,,0,K,V,,,X,,X,,,,,0,00/00/0000,0.0,0,0,,,IN,,0.0,0.0,0.0,04/29/2018,F,         505.00,X,,,,,SAP,0,           0.000,,TX0000000,,,0,0,,,,,,,,,
670,4500000016,10,,,04/29/2018,Diamond,DIAMOND-023,DIAMOND-023,US00,DL00,RM00,,RAW,5300000023.0,,0.0,           2.000,LB,LB,1,1,1,1,"     1,500.00",1,"       3,000.00","       2,800.00",00/00/0000,0,XI,,,C,X,,0,0,0,0,0.0,,0.0,,,,,X,,0,K,V,,,X,,X,,,,,0,00/00/0000,0.0,0,0,,,LB,,0.0,0.0,0.0,04/29/2018,F,"       3,000.00",X,,,,,SAP,0,           0.000,,TX0000000,,,0,0,,,,,,,,,
670,4500000017,10,,,04/29/2018,Diamond,DIAMOND-023,DIAMOND-023,US00,DL00,RM00,,RAW,5300000023.0,,0.0,           1.000,LB,LB,1,1,1,1,"     1,500.00",1,"       1,500.00","       1,400.00",00/00/0000,0,XI,,,C,X,,0,0,0,0,0.0,,0.0,,,,,X,,0,K,V,,,X,,X,,,,,0,00/00/0000,0.0,0,0,,,LB,,0.0,0.0,0.0,04/29/2018,F,"       1,500.00",X,,,,,SAP,0,           0.000,,TX0000000,,,0,0,,,,,,,,,
670,4500000018,10,,,04/29/2018,Diamond,DIAMOND-023,DIAMOND-023,US00,DL00,RM00,,RAW,5300000023.0,,0.0,           1.000,LB,LB,1,1,1,1,"     1,500.00",1,"       1,500.00","       1,400.00",00/00/0000,0,XI,,,C,X,,0,0,0,0,0.0,,0.0,,,,,,,0,K,V,,,X,,X,,,,,0,00/00/0000,0.0,0,0,,,LB,,0.0,0.0,0.0,04/29/2018,F,"       1,500.00",X,,,,,SAP,0,           0.000,,TX0000000,,,0,0,,,,,,,,,
670,4500000019,10,,,04/29/2018,Kryptonite,KRYPTONITE-022,KRYPTONITE-022,US00,DL00,RM00,,RAW,5300000024.0,,0.0,         105.000,LB,LB,1,1,1,1,"     1,070.00",1,"     112,350.00","     105,000.00",00/00/0000,0,XI,,,C,X,,0,0,0,0,0.0,,0.0,,,,,X,,0,K,V,,,X,,X,,,,,0,00/00/0000,0.0,0,0,,,LB,,0.0,0.0,0.0,04/29/2018,F,"     112,350.00",X,,,,,SAP,0,           0.000,,TX0000000,,,0,0,,,,,,,,,
670,4500000020,10,,,04/29/2018,Kryptonite,KRYPTONITE-022,KRYPTONITE-022,US00,DL00,RM00,,RAW,5300000024.0,,0.0,          50.000,LB,LB,1,1,1,1,"     1,070.00",1,"      53,500.00","      50,000.00",00/00/0000,0,XI,,,C,X,,0,0,0,0,0.0,,0.0,,,,,X,,0,K,V,,,X,,X,,,,,0,00/00/0000,0.0,0,0,,,LB,,0.0,0.0,0.0,04/29/2018,F,"      53,500.00",X,,,,,SAP,0,           0.000,,TX0000000,,,0,0,,,,,,,,,
670,4500000021,10,,,04/29/2018,Kyrptonite,KRYPTONITE-035,KRYPTONITE-035,US00,DL00,RM00,,RAW,5300000025.0,,0.0,          50.000,LB,LB,1,1,1,1,"     1,100.00",1,"      55,000.00","      50,000.00",00/00/0000,0,XI,,,C,X,,0,0,0,0,0.0,,0.0,,,,,X,,0,K,V,,,X,,X,,,,,0,00/00/0000,0.0,0,0,,,LB,,0.0,0.0,0.0,04/29/2018,F,"      55,000.00",X,,,,,SAP,0,           0.000,,TX0000000,,,0,0,,,,,,,,,
670,4500000022,10,,,04/29/2018,Kryptonite,KRYPTONITE-010,KRYPTONITE-010,US00,DL00,RM00,,RAW,5300000026.0,,0.0,          20.000,LB,LB,1,1,1,1,"     1,102.50",1,"      22,050.00","      21,000.00",00/00/0000,0,XI,,,C,X,,0,0,0,0,0.0,,0.0,,,,,X,,0,K,V,,,X,,X,,,,,0,00/00/0000,0.0,0,0,,,LB,,0.0,0.0,0.0,04/29/2018,F,"      22,050.00",X,,,,,SAP,0,           0.000,,TX0000000,,,0,0,,,,,,,,,
670,4500000023,10,,,04/30/2018,chemical element .silvery-white.,ALUMINIUM-017,ALUMINIUM-017,US00,DL00,RM00,,RAW,5300000027.0,,0.0,         300.000,G,G,1,1,1,1,         1.00,1,         300.30,         300.00,00/00/0000,0,XI,,,C,X,,0,0,0,0,0.0,,0.0,,,,,X,,0,K,V,,,X,,X,,,,,0,00/00/0000,0.0,0,0,,,G,,0.0,0.0,0.0,04/30/2018,F,         300.30,X,,,,,SAP,0,           0.000,,TX0000000,,,0,0,,,,,,,,,
670,4500000024,10,L,,04/30/2018,Leather,LEATHER,LEATHER,US00,DL00,RM00,,RAW,5300000028.0,,0.0,"       1,000.000",IN2,IN2,1,1,1,1,         5.00,1,"       5,000.00","       5,000.00",00/00/0000,0,,,,C,X,,0,0,0,0,0.0,,0.0,,,,,,,0,K,V,,,X,,X,,,,,0,00/00/0000,0.0,0,0,,,IN2,,0.0,0.0,0.0,04/30/2018,F,"       5,000.00",X,,,,,SAP,0,           0.000,,,,,0,0,,,,,,,,,
670,4500000024,20,L,,04/30/2018,Leather,LEATHER,LEATHER,US00,DL00,RM00,,RAW,5300000028.0,,0.0,"       1,000.000",IN2,IN2,1,1,1,1,         5.00,1,"       5,000.00","       5,000.00",00/00/0000,0,,,,C,X,,0,0,0,0,0.0,,0.0,,,,,,,0,K,V,,,X,,X,,,,,0,00/00/0000,0.0,0,0,,,IN2,,0.0,0.0,0.0,04/30/2018,F,"       5,000.00",X,,,,,SAP,0,           0.000,,,,,0,0,,,,,,,,,
670,4500000025,10,,,04/30/2018,Europium,EUROPIUM-004,EUROPIUM-004,US00,DL00,RM00,,RAW,5300000029.0,,0.0,          50.000,LB,LB,1,1,1,1,"     1,650.00",1,"      82,500.00","      75,000.00",00/00/0000,0,XI,,,C,X,,0,0,0,0,0.0,,0.0,,,,,X,,0,K,V,,,X,,X,,,,,0,00/00/0000,0.0,0,0,,,LB,,0.0,0.0,0.0,04/30/2018,F,"      82,500.00",X,,,,,SAP,0,           0.000,,TX0000000,,,0,0,,,,,,,,,
670,4500000026,10,,,04/30/2018,Kryptonite,KRYPTONITE-031,KRYPTONITE-031,US00,DL00,RM00,,RAW,5300000030.0,,0.0,           5.000,LB,LB,1,1,1,1,"     1,100.00",1,"       5,500.00","       5,000.00",00/00/0000,0,XI,,,C,X,,0,0,0,0,0.0,,0.0,,,,,X,,0,K,V,,,X,,X,,,,,0,00/00/0000,0.0,0,0,,,LB,,0.0,0.0,0.0,04/30/2018,F,"       5,500.00",X,,,,,SAP,0,           0.000,,TX0000000,,,0,0,,,,,,,,,
670,4500000027,10,,,04/30/2018,Gold,GOLD-059,GOLD-059,US00,DL00,RM00,,RAW,5300000031.0,,0.0,          10.000,LB,LB,1,1,1,1,"     1,400.00",1,"      14,000.00","      13,000.00",00/00/0000,0,XI,,,C,X,,0,0,0,0,0.0,,0.0,,,,,X,,0,K,V,,,X,,X,,,,,0,00/00/0000,0.0,0,0,,,LB,,0.0,0.0,0.0,04/30/2018,F,"      14,000.00",X,,,,,SAP,0,           0.000,,TX0000000,,,0,0,,,,,,,,,
670,4500000028,10,,,04/30/2018,Leather,LEATHER,LEATHER,US00,DL00,RM00,,RAW,5300000028.0,,0.0,"       1,000.000",IN2,IN2,1,1,1,1,         5.40,1,"       5,400.00","       5,000.00",00/00/0000,0,XI,,,C,X,,0,0,0,0,0.0,,0.0,,,,,X,,0,K,V,,,X,,X,,,,,0,00/00/0000,0.0,0,0,,,IN2,,0.0,0.0,0.0,04/30/2018,F,"       5,400.00",X,,,,,SAP,0,           0.000,,TX0000000,,,0,0,,,,,,,,,
670,4500000029,10,,,04/30/2018,Vibranium,VIBRANIUM-052,VIBRANIUM-052,US00,DL00,RM00,,RAW,5300000032.0,,0.0,          10.000,LB,LB,1,1,1,1,"     1,050.00",1,"      10,500.00","      10,000.00",00/00/0000,0,XI,,,C,X,,0,0,0,0,0.0,,0.0,,,,,X,,0,K,V,,,X,,X,,,,,0,00/00/0000,0.0,0,0,,,LB,,0.0,0.0,0.0,04/30/2018,F,"      10,500.00",X,,,,,SAP,0,           0.000,,TX0000000,,,0,0,,,,,,,,,
670,4500000030,10,,,05/01/2018,Kryptonite,KRYPTONITE-025,KRYPTONITE-025,US00,DL00,RM00,,RAW,5300000033.0,,0.0,          10.000,LB,LB,1,1,1,1,"     1,100.00",1,"      11,000.00","      10,000.00",00/00/0000,0,XI,,,C,X,,0,0,0,0,0.0,,0.0,,,,,X,,0,K,V,,,X,,X,,,,,0,00/00/0000,0.0,0,0,,,LB,,0.0,0.0,0.0,05/01/2018,F,"      11,000.00",X,,,,,SAP,0,           0.000,,TX0000000,,,0,0,,,,,,,,,
670,4500000031,10,,,05/01/2018,Salt Raw Material,SODIUM-051,SODIUM-051,US00,DL00,RM00,,RAW,5300000034.0,,0.0,         100.000,TO,TO,1,1,1,1,       100.00,1,"      10,000.00","      10,000.00",00/00/0000,0,XI,,,C,X,,0,0,0,0,0.0,,0.0,,,,,X,,0,K,V,,,X,,X,,,,,0,00/00/0000,0.0,0,0,,,TO,,0.0,0.0,0.0,05/01/2018,F,"      10,000.00",X,,,,,SAP,0,           0.000,,TX0000000,,,0,0,,,,,,,,,
670,4500000032,10,,,05/01/2018,Kryptonite,KRYPTONITE-047,KRYPTONITE-047,US00,DL00,RM00,,RAW,5300000035.0,,0.0,           1.000,LB,LB,1,1,1,1,"     1,050.00",1,"       1,050.00","       1,000.00",00/00/0000,0,XI,,,C,X,,0,0,0,0,0.0,,0.0,,,,,X,,0,K,V,,,X,,X,,,,,0,00/00/0000,0.0,0,0,,,LB,,0.0,0.0,0.0,05/01/2018,F,"       1,050.00",X,,,,,SAP,0,           0.000,,TX0000000,,,0,0,,,,,,,,,
670,4500000033,10,,,05/01/2018,Kryptonite,KRPTONITE-088,KRPTONITE-088,US00,DL00,,,RAW,5300000036.0,,0.0,           1.000,LB,LB,1,1,1,1,"     1,050.00",1,"       1,050.00","       1,000.00",00/00/0000,0,XI,,,C,X,,0,0,0,0,0.0,,0.0,,,,,X,,0,K,V,,,X,,X,,,,,0,00/00/0000,0.0,0,0,,,LB,,0.0,0.0,0.0,05/01/2018,F,"       1,050.00",X,,,,,SAP,0,           0.000,,TX0000000,,,0,0,,,,,,,,,
670,4500000034,10,,,05/01/2018,Kryptonite,KRYPTONITE-044,KRYPTONITE-044,US00,DL00,RM00,,RAW,5300000037.0,,0.0,           1.000,LB,LB,1,1,1,1,        60.00,1,          60.00,          60.00,00/00/0000,0,XI,,,C,X,,0,0,0,0,0.0,,0.0,,,,,X,,0,K,V,,,X,,X,,,,,0,00/00/0000,0.0,0,0,,,LB,,0.0,0.0,0.0,05/01/2018,F,          60.00,X,,,,,SAP,0,           0.000,,TX0000000,,,0,0,,,,,,,,,
670,4500000035,10,,,05/01/2018,Kryptonite,KRYPTONITE-040,KRYPTONITE-040,US00,DL00,RM00,,RAW,5300000038.0,,0.0,          40.000,LB,LB,1,1,1,1,"     1,050.00",1,"      42,000.00","      40,000.00",00/00/0000,0,XI,,,C,X,,0,0,0,0,0.0,,0.0,,,,,X,,0,K,V,,,X,,X,,,,,0,00/00/0000,0.0,0,0,,,LB,,0.0,0.0,0.0,05/01/2018,F,"      42,000.00",X,,,,,SAP,0,           0.000,,TX0000000,,,0,0,,,,,,,,,
670,4500000036,10,,,05/01/2018,Kryptonite,KRYPTONITE-006,KRYPTONITE-006,US00,DL00,RM00,,RAW,5300000039.0,,0.0,          10.000,LB,LB,1,1,1,1,"     1,050.00",1,"      10,500.00","      10,000.00",00/00/0000,0,XI,,,C,X,,0,0,0,0,0.0,,0.0,,,,,X,,0,K,V,,,X,,X,,,,,0,00/00/0000,0.0,0,0,,,LB,,0.0,0.0,0.0,05/01/2018,F,"      10,500.00",X,,,,,SAP,0,           0.000,,TX0000000,,,0,0,,,,,,,,,
670,4500000037,10,,,05/21/2018,Harrisonium,HARRISONIUM-89,HARRISONIUM-89,US00,DL00,RM00,,RAW,5300000040.0,,0.0,         200.000,GM,GM,1,1,1,1,"   200,100.00",1,"  40,020,000.00","  40,000,000.00",00/00/0000,0,XI,,,C,X,,0,0,0,0,0.0,,0.0,,,,,,,0,K,V,,,X,,X,,,,,0,00/00/0000,0.0,0,0,,,GM,,0.0,0.0,0.0,05/01/2018,F,"  40,020,000.00",X,,,,,SAP,0,           0.000,,TX0000000,,,0,0,,,,,,,,,
670,4500000038,10,,,05/01/2018,Connoronium,CONNORONIUM-037,CONNORONIUM-037,US00,DL00,RM00,,RAW,5300000041.0,,0.0,         300.000,LB,LB,1,1,1,1,"   300,100.00",1,"  90,030,000.00","  90,000,000.00",00/00/0000,0,XI,,,C,X,,0,0,0,0,0.0,,0.0,,,,,X,,0,K,V,,,X,,X,,,,,0,00/00/0000,0.0,0,0,,,LB,,0.0,0.0,0.0,05/01/2018,F,"  90,030,000.00",X,,,,,SAP,0,           0.000,,TX0000000,,,0,0,,,,,,,,,
670,4500000039,10,,,05/01/2018,Kryptonite,KRYPTONITE-087,KRYPTONITE-087,US00,DL00,RM00,,RAW,5300000042.0,,0.0,"       1,000.000",LB,LB,1,1,1,1,         1.10,1,"       1,100.00","       1,000.00",00/00/0000,0,XI,,,C,X,,0,0,0,0,0.0,,0.0,,,,,X,,0,K,V,,,X,,X,,,,,0,00/00/0000,0.0,0,0,,,LB,,0.0,0.0,0.0,05/01/2018,F,"       1,100.00",X,,,,,SAP,0,           0.000,,TX0000000,,,0,0,,,,,,,,,
670,4500000040,10,,,05/01/2018,Kryptonite,KRYPTONITE-005,KRYPTONITE-005,US00,DL00,RM00,,RAW,5300000043.0,,0.0,          50.000,LB,LB,1,1,1,1," 1,100,000.00",1,"  55,000,000.00","  50,000,000.00",00/00/0000,0,XI,,,C,X,,0,0,0,0,0.0,,0.0,,,,,X,,0,K,V,,,X,,X,,,,,0,00/00/0000,0.0,0,0,,,LB,,0.0,0.0,0.0,05/01/2018,F,"  55,000,000.00",X,,,,,SAP,0,           0.000,,TX0000000,,,0,0,,,,,,,,,
670,4500000041,10,,,05/01/2018,Arsenic,ARSENIC-034,ARSENIC-034,US00,DL00,RM00,,RAW,5300000044.0,,0.0,           2.000,LB,LB,1,1,1,1,"     1,050.00",1,"       2,100.00","       2,000.00",00/00/0000,0,XI,,,C,X,,0,0,0,0,0.0,,0.0,,,,,X,,0,K,V,,,X,,X,,,,,0,00/00/0000,0.0,0,0,,,LB,,0.0,0.0,0.0,05/01/2018,F,"       2,100.00",X,,,,,SAP,0,           0.000,,TX0000000,,,0,0,,,,,,,,,
670,4500000042,10,,,05/01/2018,Plant Dallas,HYDROGEN-049,HYDROGEN-049,US00,DL00,RM00,,RAW,5300000045.0,,0.0,          10.000,OZ,OZ,1,1,1,1,        60.00,1,         600.00,         100.00,00/00/0000,0,,,,C,X,,0,0,0,0,0.0,,0.0,,,,,X,,0,K,V,,,X,,X,,,,,0,00/00/0000,0.0,0,0,,,OZ,,0.0,0.0,0.0,05/01/2018,F,         600.00,X,,,,,SAP,0,           0.000,,,,,0,0,,,,,,,,,
670,4500000043,10,,,05/01/2018,Steel,STEEL-013,STEEL-013,US00,DL00,RM00,,RAW,5300000046.0,,0.0,          10.000,FT2,FT2,1,1,1,1,       202.00,1,"       2,020.00","       2,000.00",00/00/0000,0,XI,,,C,X,,0,0,0,0,0.0,,0.0,,,,,X,,0,K,V,,,X,,X,,,,,0,00/00/0000,0.0,0,0,,,FT2,,0.0,0.0,0.0,05/01/2018,F,"       2,020.00",X,,,,,SAP,0,           0.000,,TX0000000,,,0,0,,,,,,,,,
670,4500000044,10,,,05/01/2018,Diamonds,DIAMONDS-032,DIAMONDS-032,US00,DL00,RM00,,RAW,5300000047.0,,0.0,           5.000,G,G,1,1,1,1,"     8,750.00",1,"      43,750.00","      35,000.00",00/00/0000,0,XI,,,C,X,,0,0,0,0,0.0,,0.0,,,,,X,,0,K,V,,,X,,X,,,,,0,00/00/0000,0.0,0,0,,,G,,0.0,0.0,0.0,05/01/2018,F,"      43,750.00",X,,,,,SAP,0,           0.000,,TX0000000,,,0,0,,,,,,,,,
670,4500000045,10,,,05/01/2018,WATER,WATER-016,WATER-016,US00,DL00,RM00,,RAW,5300000048.0,,0.0,         500.000,L,L,1,1,1,1,         1.10,1,         550.00,         500.00,00/00/0000,0,XI,,,C,X,,0,0,0,0,0.0,,0.0,,,,,X,,0,K,V,,,X,,X,,,,,0,00/00/0000,0.0,0,0,,,L,,0.0,0.0,0.0,05/01/2018,F,         550.00,X,,,,,SAP,0,           0.000,,TX0000000,,,0,0,,,,,,,,,
670,4500000046,10,,,05/01/2018,Uranium,URANIUM-050,URANIUM-050,US00,DL00,RM00,,RAW,5300000049.0,,0.0,          10.000,KG,KG,1,1,1,1,        55.00,1,         550.00,         500.00,00/00/0000,0,XI,,,C,X,,0,0,0,0,0.0,,0.0,,,,,X,,0,K,V,,,X,,X,,,,,0,00/00/0000,0.0,0,0,,,KG,,0.0,0.0,0.0,05/01/2018,F,         550.00,X,,,,,SAP,0,           0.000,,TX0000000,,,0,0,,,,,,,,,
670,4500000047,10,,,05/01/2018,Kryptonite,KRYPTONITE-085,KRYPTONITE-085,US00,DL00,RM00,,RAW,5300000050.0,,0.0,           1.000,LB,LB,1,1,1,1,"     1,100.00",1,"       1,100.00","       1,000.00",00/00/0000,0,,,,C,X,,0,0,0,0,0.0,,0.0,,,,,X,,0,K,V,,,X,,X,,,,,0,00/00/0000,0.0,0,0,,,LB,,0.0,0.0,0.0,05/01/2018,F,"       1,100.00",X,,,,,SAP,0,           0.000,,,,,0,0,,,,,,,,,
670,4500000048,10,,,05/01/2018,Frances,FRANCES-038,FRANCES-038,US00,DL00,RM00,,RAW,5300000051.0,,0.0,         100.000,IN,IN,1,1,1,1,"    10,010.00",1,"   1,001,000.00","   1,000,000.00",00/00/0000,0,XI,,,C,X,,0,0,0,0,0.0,,0.0,,,,,X,,0,K,V,,,X,,X,,,,,0,00/00/0000,0.0,0,0,,,IN,,0.0,0.0,0.0,05/01/2018,F,"   1,001,000.00",X,,,,,SAP,0,           0.000,,TX0000000,,,0,0,,,,,,,,,
670,4500000049,10,,,05/01/2018,Dylanite,DYLANITE-039,DYLANITE-039,US00,DL00,RM00,,RAW,5300000052.0,,0.0,         100.000,DR,DR,1,1,1,1,"    50,050.00",1,"   5,005,000.00","   5,000,000.00",00/00/0000,0,XI,,,C,X,,0,0,0,0,0.0,,0.0,,,,,X,,0,K,V,,,X,,X,,,,,0,00/00/0000,0.0,0,0,,,DR,,0.0,0.0,0.0,05/01/2018,F,"   5,005,000.00",X,,,,,SAP,0,           0.000,,TX0000000,,,0,0,,,,,,,,,
670,4500000050,10,,,05/01/2018,Kryptonite,KRYPTONITE-024,KRYPTONITE-024,US00,DL00,RM00,,RAW,5300000053.0,,0.0,          10.000,LB,LB,1,1,1,1,"     1,100.00",1,"      11,000.00","      10,000.00",00/00/0000,0,XI,,,C,X,,0,0,0,0,0.0,,0.0,,,,,X,,0,K,V,,,X,,X,,,,,0,00/00/0000,0.0,0,0,,,LB,,0.0,0.0,0.0,05/01/2018,F,"      11,000.00",X,,,,,SAP,0,           0.000,,TX0000000,,,0,0,,,,,,,,,
670,4500000051,10,,,05/01/2018,Vibranium,VIBRANIUM-043,VIBRANIUM-043,US00,DL00,RM00,,RAW,5300000054.0,,0.0,          10.000,G,G,1,1,1,1,"     1,000.00",1,"      10,000.00","      10,000.00",00/00/0000,0,XI,,,C,X,,0,0,0,0,0.0,,0.0,,,,,,,0,K,V,,,X,,X,,,,,0,00/00/0000,0.0,0,0,,,G,,0.0,0.0,0.0,05/01/2018,F,"      10,000.00",X,,,,,SAP,0,           0.000,,TX0000000,,,0,0,,,,,,,,,
670,4500000052,10,,,05/02/2018,Vibranium,VIBRANIUM-043,VIBRANIUM-043,US00,DL00,RM00,,RAW,5300000054.0,,0.0,          10.000,G,G,1,1,1,1,"     1,050.00",1,"      10,500.00","      10,000.00",00/00/0000,0,XI,,,C,X,,0,0,0,0,0.0,,0.0,,,,,X,,0,K,V,,,X,,X,,,,,0,00/00/0000,0.0,0,0,,,G,,0.0,0.0,0.0,05/02/2018,F,"      10,500.00",X,,,,,SAP,0,           0.000,,TX0000000,,,0,0,,,,,,,,,
670,4500000053,10,,,05/02/2018,Kryptonite,KRYPTONITE-029,KRYPTONITE-029,US00,DL00,RM00,,RAW,5300000055.0,,0.0,         100.000,LB,LB,1,1,1,1,"     1,050.00",1,"     105,000.00","     100,000.00",00/00/0000,0,XI,,,C,X,,0,0,0,0,0.0,,0.0,,,,,X,,0,K,V,,,X,,X,,,,,0,00/00/0000,0.0,0,0,,,LB,,0.0,0.0,0.0,05/01/2018,F,"     105,000.00",X,,,,,SAP,0,           0.000,,TX0000000,,,0,0,,,,,,,,,
670,4500000054,10,,,05/01/2018,Salt Raw Material,SODIUM-051,SODIUM-051,US00,DL00,RM00,,RAW,,,0.0,"       1,000.000",TO,TO,1,1,1,1,        10.00,1,"      10,000.00","      10,000.00",00/00/0000,0,XI,,,A,X,,0,0,0,0,0.0,,0.0,,,,,,,0,K,V,,,X,,X,,,,,0,00/00/0000,0.0,0,0,,,TO,,0.0,0.0,0.0,05/01/2018,F,"      10,000.00",X,,,,,SAP,0,           0.000,,,,,0,0,,,,,,,,,
670,4500000055,10,,,05/02/2018,Vibranium,VIBRANIUM-019,VIBRANIUM-019,US00,DL00,RM00,,RAW,5300000056.0,,0.0,          18.000,EA,EA,1,1,1,1,"    18,150.00",1,"     326,700.00","     324,000.00",00/00/0000,0,XI,,,C,X,,0,0,0,0,0.0,,0.0,,,,,X,,0,K,V,,,X,,X,,,,,0,00/00/0000,0.0,0,0,,,EA,,0.0,0.0,0.0,05/02/2018,F,"     326,700.00",X,,,,,SAP,0,           0.000,,TX0000000,,,0,0,,,,,,,,,
670,4500000056,10,,,05/02/2018,Kryptonite,KRYPTONITE-045,KRYPTONITE-045,US00,DL00,RM00,,RAW,5300000057.0,,0.0,           5.000,LB,LB,1,1,1,1,"     5,100.00",1,"      25,500.00","      25,000.00",00/00/0000,0,XI,,,C,X,,0,0,0,0,0.0,,0.0,,,,,X,,0,K,V,,,X,,X,,,,,0,00/00/0000,0.0,0,0,,,LB,,0.0,0.0,0.0,05/02/2018,F,"      25,500.00",X,,,,,SAP,0,           0.000,,TX0000000,,,0,0,,,,,,,,,
670,4500000057,10,,,05/02/2018,Diamond,DIAMOND-021,DIAMOND-021,US00,DL00,,,RAW,,,0.0,           1.000,LB,LB,1,1,1,1,"    10,000.00",1,"      11,000.00","      10,000.00",00/00/0000,0,XI,,,A,X,,0,0,0,0,0.0,,0.0,,,,,,,0,K,V,,,X,,X,,,,,0,00/00/0000,0.0,0,0,,,LB,,0.0,0.0,0.0,05/02/2018,F,"      10,000.00",X,,,,,SAP,0,           0.000,,TEXAS,,,0,0,,,,,,,,,
670,4500000058,10,,,05/02/2018,Diamond,DIAMOND-021,DIAMOND-021,US00,DL00,,,RAW,5300000058.0,,0.0,           1.000,LB,LB,1,1,1,1,"    11,000.00",1,"      11,000.00","      10,000.00",00/00/0000,0,XI,,,C,X,,0,0,0,0,0.0,,0.0,,,,,X,,0,K,V,,,X,,X,,,,,0,00/00/0000,0.0,0,0,,,LB,,0.0,0.0,0.0,05/02/2018,F,"      11,000.00",X,,,,,SAP,0,           0.000,,TX0000000,,,0,0,,,,,,,,,
670,4500000059,10,,,05/02/2018,Kryptonite,KRYPTONITE-053,KRYPTONITE-053,US00,DL00,RM00,,RAW,5300000059.0,,0.0,           5.000,LB,LB,1,1,1,1,"     1,250.00",1,"       6,250.00","       5,000.00",00/00/0000,0,XI,,,C,X,,0,0,0,0,0.0,,0.0,,,,,X,,0,K,V,,,X,,X,,,,,0,00/00/0000,0.0,0,0,,,LB,,0.0,0.0,0.0,05/02/2018,F,"       6,250.00",X,,,,,SAP,0,           0.000,,TX0000000,,,0,0,,,,,,,,,
670,4500000060,10,,,05/02/2018,Untested Metal,ADAMANTIUM-055,ADAMANTIUM-055,US00,DL00,RM00,,RAW,5300000060.0,,0.0,         500.000,KG,KG,1,1,1,1,"     5,500.00",1,"   2,750,000.00","   2,500,000.00",00/00/0000,0,XI,,,C,X,,0,0,0,0,0.0,,0.0,,,,,X,,0,K,V,,,X,,X,,,,,0,00/00/0000,0.0,0,0,,,KG,,0.0,0.0,0.0,05/02/2018,F,"   2,750,000.00",X,,,,,SAP,0,           0.000,,TX0000000,,,0,0,,,,,,,,,
670,4500000061,10,,,05/02/2018,Sodium-054,SODIUM-054,SODIUM-054,US00,DL00,RM00,,RAW,5300000061.0,,0.0,           3.000,LB,LB,1,1,1,1,"     1,075.00",1,"       3,225.00","       3,000.00",00/00/0000,0,XI,,,C,X,,0,0,0,0,0.0,,0.0,,,,,X,,0,K,V,,,X,,X,,,,,0,00/00/0000,0.0,0,0,,,LB,,0.0,0.0,0.0,05/02/2018,F,"       3,225.00",X,,,,,SAP,0,           0.000,,TX0000000,,,0,0,,,,,,,,,
670,4500000062,10,,,05/02/2018,special medicine for super heros,BLIZZARD-036,BLIZZARD-036,US00,DL00,RM00,,RAW,5300000062.0,,0.0,         300.000,LB,LB,1,1,1,1,       400.00,1,"     120,000.00","      60,000.00",00/00/0000,0,XI,,,C,X,,0,0,0,0,0.0,,0.0,,,,,X,,0,K,V,,,X,,X,,,,,0,00/00/0000,0.0,0,0,,,LB,,0.0,0.0,0.0,05/02/2018,F,"     120,000.00",X,,,,,SAP,0,           0.000,,TX0000000,,,0,0,,,,,,,,,
670,4500000063,10,,,05/03/2018,Infinity Stone,INFINITY-STONE-001,INFINITY-STONE-001,US00,DL00,,,RAW,5300000010.0,,0.0,          20.000,KI,KI,1,1,1,1,"     1,950.00",1,"      39,000.00","      40,000.00",00/00/0000,0,XI,,,C,X,,0,0,0,0,0.0,,0.0,,,,,,,0,,,,,X,,X,,,,,0,00/00/0000,0.0,0,0,,,KI,,0.0,0.0,0.0,05/03/2018,F,"      39,000.00",,,,,,SAP,0,           0.000,,TX0000000,,,0,0,,,,,,,,,
670,4500000064,10,,,05/03/2018,Kryptonite,KRYTONITE-058,KRYTONITE-058,US00,DL00,RM00,,RAW,5300000063.0,,0.0,"       1,000.000",G,G,1,1,1,1,"     1,000.00",1,"   1,000,000.00","   1,000,000.00",00/00/0000,0,,,,C,X,,0,0,0,0,0.0,,0.0,,,,,X,,0,K,V,,,X,,X,,,,,0,00/00/0000,0.0,0,0,,,G,,0.0,0.0,0.0,05/03/2018,F,"   1,000,000.00",X,,,,,SAP,0,           0.000,,,,,0,0,,,,,,,,,
670,4500000064,20,,,05/03/2018,Kryptonite,KRYPTONITE-058,KRYPTONITE-058,US00,DL00,RM00,,RAW,5300000064.0,,0.0,         100.000,LB,LB,1,1,1,1,       100.00,1,"      10,000.00","      10,000.00",00/00/0000,0,,,,C,X,,0,0,0,0,0.0,,0.0,,,,,X,,0,K,V,,,X,,X,,,,,0,00/00/0000,0.0,0,0,,,LB,,0.0,0.0,0.0,05/03/2018,F,"      10,000.00",X,,,,,SAP,0,           0.000,,,,,0,0,,,,,,,,,
670,4500000064,30,,,05/03/2018,Kryptonite,KRYPTONITE-058,KRYPTONITE-058,US00,DL00,RM00,,RAW,5300000064.0,,0.0,         100.000,LB,LB,1,1,1,1,       100.00,1,"      10,000.00","      10,000.00",00/00/0000,0,,,,C,X,,0,0,0,0,0.0,,0.0,,,,,X,,0,K,V,,,X,,X,,,,,0,00/00/0000,0.0,0,0,,,LB,,0.0,0.0,0.0,05/03/2018,F,"      10,000.00",X,,,,,SAP,0,           0.000,,,,,0,0,,,,,,,,,
670,4500000064,40,,,05/03/2018,Kryptonite,KRYTONITE-058,KRYTONITE-058,US00,DL00,RM00,,RAW,5300000063.0,,0.0,"       1,000.000",G,G,1,1,1,1,"     1,000.00",1,"   1,000,000.00","   1,000,000.00",00/00/0000,0,,,,C,X,,0,0,0,0,0.0,,0.0,,,,,X,,0,K,V,,,X,,X,,,,,0,00/00/0000,0.0,0,0,,,G,,0.0,0.0,0.0,05/03/2018,F,"   1,000,000.00",X,,,,,SAP,0,           0.000,,,,,0,0,,,,,,,,,
670,4500000064,50,,,05/03/2018,Kryptonite,KRYPTONITE-058,KRYPTONITE-058,US00,DL00,RM00,,RAW,5300000064.0,,0.0,"       1,000.000",LB,LB,1,1,1,1,"     1,050.00",1,"   1,050,000.00","   1,000,000.00",00/00/0000,0,XI,,,C,X,,0,0,0,0,0.0,,0.0,,,,,X,,0,K,V,,,X,,X,,,,,0,00/00/0000,0.0,0,0,,,LB,,0.0,0.0,0.0,05/03/2018,F,"   1,050,000.00",X,,,,,SAP,0,           0.000,,TX0000000,,,0,0,,,,,,,,,
670,4500000065,10,,,05/04/2018,Kryptonite-048,KRYPTONITE-048,KRYPTONITE-048,US00,DL00,RM00,,RAW,5300000065.0,,0.0,           5.000,LB,LB,1,1,1,1,        21.00,1,         105.00,          50.00,00/00/0000,0,XI,,,C,X,,0,0,0,0,0.0,,0.0,,,,,X,,0,K,V,,,X,,X,,,,,0,00/00/0000,0.0,0,0,,,LB,,0.0,0.0,0.0,05/04/2018,F,         105.00,X,,,,,SAP,0,           0.000,,TX0000000,,,0,0,,,,,,,,,
670,4500000066,10,,,05/07/2018,Kryptonite-048,KRYPTONITE-048,KRYPTONITE-048,US00,DL00,RM00,,RAW,5300000066.0,,0.0,           8.000,LB,LB,1,1,1,1,         6.00,1,          48.00,          40.00,00/00/0000,0,XI,,,C,X,,0,0,0,0,0.0,,0.0,,,,,X,,0,K,V,,,X,,X,,,,,0,00/00/0000,0.0,0,0,,,LB,,0.0,0.0,0.0,05/07/2018,F,          48.00,X,,,,,SAP,0,           0.000,,TX0000000,,,0,0,,,,,,,,,
670,4500000067,10,,,05/07/2018,Harrisonium,HARRISONIUM-89,HARRISONIUM-89,US00,DL00,,,RAW,5300000067.0,,0.0,          50.000,GM,GM,1,1,1,1,"   200,200.00",1,"  10,010,000.00","  10,005,000.00",00/00/0000,0,XI,,,C,X,,0,0,0,0,0.0,,0.0,,,,,X,,0,,,,,X,,X,,,,,0,00/00/0000,0.0,0,0,,,GM,,0.0,0.0,0.0,05/07/2018,F,"  10,010,000.00",,,,,,SAP,0,           0.000,,TX0000000,,,0,0,,,,,,,,,
670,4500000068,10,,,05/07/2018,Vibranium,VIBRANIUM-052,VIBRANIUM-052,US00,DL00,,,RAW,5300000068.0,,0.0,           5.000,LB,LB,1,1,1,1,"     1,100.00",1,"       5,500.00","       5,250.00",00/00/0000,0,XI,,,C,X,,0,0,0,0,0.0,,0.0,,,,,X,,0,,,,,X,,X,,,,,0,00/00/0000,0.0,0,0,,,LB,,0.0,0.0,0.0,05/07/2018,F,"       5,500.00",,,,,,SAP,0,           0.000,,TX0000000,,,0,0,,,,,,,,,
670,4500000069,10,,,05/07/2018,Uranium,URANIUM-050,URANIUM-050,US00,DL00,,,RAW,5300000069.0,,0.0,           5.000,KG,KG,1,1,1,1,        60.00,1,         300.00,         275.00,00/00/0000,0,XI,,,C,X,,0,0,0,0,0.0,,0.0,,,,,X,,0,,,,,X,,X,,,,,0,00/00/0000,0.0,0,0,,,KG,,0.0,0.0,0.0,05/07/2018,F,         300.00,,,,,,SAP,0,           0.000,,TX0000000,,,0,0,,,,,,,,,
670,4500000070,10,,,05/07/2018,Uranium,URANIUM-050,URANIUM-050,US00,DL00,,,RAW,5300000070.0,,0.0,           5.000,KG,KG,1,1,1,1,        60.25,1,         301.25,         275.00,00/00/0000,0,XI,,,C,X,,0,0,0,0,0.0,,0.0,,,,,X,,0,,,,,X,,X,,,,,0,00/00/0000,0.0,0,0,,,KG,,0.0,0.0,0.0,05/07/2018,F,         301.25,,,,,,SAP,0,           0.000,,TX0000000,,,0,0,,,,,,,,,
670,4500000071,10,,,05/08/2018,Harrisonium,HARRISONIUM-89,HARRISONIUM-89,US00,DL00,,,RAW,5300000071.0,,0.0,          75.000,GM,GM,1,1,1,1,"   200,200.00",1,"  15,015,000.00","  15,007,500.00",00/00/0000,0,XI,,,C,X,,0,0,0,0,0.0,,0.0,,,,,X,,0,,,,,X,,X,,,,,0,00/00/0000,0.0,0,0,,,GM,,0.0,0.0,0.0,05/08/2018,F,"  15,015,000.00",,,,,,SAP,0,           0.000,,TX0000000,,,0,0,,,,,,,,,
670,4500000072,10,,,05/08/2018,Vibranium,VIBRANIUM-052,VIBRANIUM-052,US00,DL00,,,RAW,5300000072.0,,0.0,           7.000,LB,LB,1,1,1,1,"     1,100.00",1,"       7,700.00","       7,350.00",00/00/0000,0,XI,,,C,X,,0,0,0,0,0.0,,0.0,,,,,X,,0,,,,,X,,X,,,,,0,00/00/0000,0.0,0,0,,,LB,,0.0,0.0,0.0,05/08/2018,F,"       7,700.00",,,,,,SAP,0,           0.000,,TX0000000,,,0,0,,,,,,,,,
670,4500000073,10,,,05/08/2018,Uranium,URANIUM-050,URANIUM-050,US00,DL00,,,RAW,5300000073.0,,0.0,           7.000,KG,KG,1,1,1,1,        60.00,1,         420.00,         385.00,00/00/0000,0,XI,,,C,X,,0,0,0,0,0.0,,0.0,,,,,X,,0,,,,,X,,X,,,,,0,00/00/0000,0.0,0,0,,,KG,,0.0,0.0,0.0,05/08/2018,F,         420.00,,,,,,SAP,0,           0.000,,TX0000000,,,0,0,,,,,,,,,
670,4500000074,10,,,05/08/2018,Vibranium,VIBRANIUM-052,VIBRANIUM-052,US00,DL00,,,RAW,5300000074.0,,0.0,           7.000,LB,LB,1,1,1,1,"     1,102.50",1,"       7,717.50","       7,350.00",00/00/0000,0,XI,,,C,X,,0,0,0,0,0.0,,0.0,,,,,X,,0,,,,,X,,X,,,,,0,00/00/0000,0.0,0,0,,,LB,,0.0,0.0,0.0,05/08/2018,F,"       7,717.50",,,,,,SAP,0,           0.000,,TX0000000,,,0,0,,,,,,,,,
670,4500000075,10,,,05/13/2018,Harrisonium,HARRISONIUM-89,HARRISONIUM-89,US00,DL00,,,RAW,5300000067.0,,0.0,          50.000,GM,GM,1,1,1,1,"   200,100.00",1,"  10,005,000.00","  10,000,000.00",00/00/0000,0,XI,,,C,X,,0,0,0,0,0.0,,0.0,,,,,X,,0,K,V,,,X,,X,,,,,0,00/00/0000,0.0,0,0,,,GM,,0.0,0.0,0.0,05/13/2018,F,"  10,005,000.00",X,,,,,SAP,0,           0.000,,TX0000000,,,0,0,,,,,,,,,
670,4500000076,10,,,05/13/2018,Vibranium,VIBRANIUM-052,VIBRANIUM-052,US00,DL00,,,RAW,5300000075.0,,0.0,          15.000,LB,GM,1,1,1,1,"     1,050.00",1,"      15,750.00","      15,000.00",00/00/0000,0,XI,,,C,X,,0,0,0,0,0.0,,0.0,,,,,X,,0,K,V,,,X,,X,,,,,0,00/00/0000,0.0,0,0,,,LB,,0.0,0.0,0.0,05/13/2018,F,"      15,750.00",X,,,,,SAP,0,           0.000,,TX0000000,,,0,0,,,,,,,,,
670,4500000077,10,,,05/13/2018,Uranium,URANIUM-050,URANIUM-050,US00,DL00,,,RAW,5300000076.0,,0.0,          15.000,KG,KG,1,1,1,1,        55.00,1,         825.00,         750.00,00/00/0000,0,XI,,,C,X,,0,0,0,0,0.0,,0.0,,,,,X,,0,K,V,,,X,,X,,,,,0,00/00/0000,0.0,0,0,,,KG,,0.0,0.0,0.0,05/13/2018,F,         825.00,X,,,,,SAP,0,           0.000,,TX0000000,,,0,0,,,,,,,,,
670,4500000078,10,,,05/13/2018,Uranium-050,URANIUM-050,URANIUM-050,US00,DL00,,,RAW,5300000070.0,,0.0,          15.000,KG,KG,1,1,1,1,        60.25,1,         903.75,         825.00,00/00/0000,0,XI,,,C,X,,0,0,0,0,0.0,,0.0,,,,,X,,0,K,V,,,X,,X,,,,,0,00/00/0000,0.0,0,0,,,KG,,0.0,0.0,0.0,05/13/2018,F,         903.75,X,,,,,SAP,0,           0.000,,TX0000000,,,0,0,,,,,,,,,
670,4500000079,10,,,05/13/2018,Uranium,URANIUM-050,URANIUM-050,US00,DL00,,,RAW,5300000070.0,,0.0,          15.000,KG,KG,1,1,1,1,        60.25,1,         903.75,         825.00,00/00/0000,0,XI,,,C,X,,0,0,0,0,0.0,,0.0,,,,,X,,0,K,V,,,X,,X,,,,,0,00/00/0000,0.0,0,0,,,KG,,0.0,0.0,0.0,05/13/2018,F,         903.75,X,,,,,SAP,0,           0.000,,TX0000000,,,0,0,,,,,,,,,
670,4500000080,10,,,05/16/2018,Harrisonium,HARRISONIUM-89,HARRISONIUM-89,US00,DL00,RM00,,RAW,5300000077.0,,0.0,         100.000,GM,GM,1,1,1,1,"   200,100.00",1,"  20,010,000.00","  20,000,000.00",00/00/0000,0,XI,,,C,X,,0,0,0,0,0.0,,0.0,,,,,X,,0,,,,,X,,X,,,,,0,00/00/0000,0.0,0,0,,,GM,,0.0,0.0,0.0,05/16/2018,F,"  20,010,000.00",,,,,,SAP,0,           0.000,,TX0000000,,,0,0,,,,,,,,,
670,4500000081,10,,,05/16/2018,Harrisonium,HARRISONIUM-89,HARRISONIUM-89,US00,DL00,RM00,,RAW,5300000078.0,,0.0,          10.000,GM,GM,1,1,1,1,"   200,100.00",1,"   2,001,000.00","   2,000,000.00",00/00/0000,0,XI,,,C,X,,0,0,0,0,0.0,,0.0,,,,,X,,0,,,,,X,,X,,,,,0,00/00/0000,0.0,0,0,,,GM,,0.0,0.0,0.0,05/16/2018,F,"   2,001,000.00",,,,,,SAP,0,           0.000,,TX0000000,,,0,0,,,,,,,,,
670,4500000082,10,,,05/16/2018,Vibranium,VIBRANIUM-052,VIBRANIUM-052,US00,DL00,RM00,,RAW,5300000079.0,,0.0,         100.000,LB,LB,1,1,1,1,"     1,050.00",1,"     105,000.00","     100,000.00",00/00/0000,0,,,,C,X,,0,0,0,0,0.0,,0.0,,,,,X,,0,,,,,X,,X,,,,,0,00/00/0000,0.0,0,0,,,LB,,0.0,0.0,0.0,05/16/2018,F,"     105,000.00",,,,,,SAP,0,           0.000,,,,,0,0,,,,,,,,,
670,4500000083,10,,,05/16/2018,Vibranium,VIBRANIUM-052,VIBRANIUM-052,US00,DL00,RM00,,RAW,5300000080.0,,0.0,         100.000,LB,LB,1,1,1,1,"     1,050.00",1,"     105,000.00","     100,000.00",00/00/0000,0,XI,,,C,X,,0,0,0,0,0.0,,0.0,,,,,X,,0,,,,,X,,X,,,,,0,00/00/0000,0.0,0,0,,,LB,,0.0,0.0,0.0,05/16/2018,F,"     105,000.00",,,,,,SAP,0,           0.000,,TX0000000,,,0,0,,,,,,,,,
670,4500000084,10,,,05/16/2018,Uranium,URANIUM-050,URANIUM-050,US00,DL00,RM00,,RAW,5300000081.0,,0.0,"       1,000.000",KG,KG,1,1,1,1,        55.00,1,"      55,000.00","      50,000.00",00/00/0000,0,XI,,,C,X,,0,0,0,0,0.0,,0.0,,,,,X,,0,,,,,X,,X,,,,,0,00/00/0000,0.0,0,0,,,KG,,0.0,0.0,0.0,05/16/2018,F,"      55,000.00",,,,,,SAP,0,           0.000,,TX0000000,,,0,0,,,,,,,,,
670,4500000085,10,,,05/16/2018,Uranium,URANIUM-050,URANIUM-050,US00,DL00,RM00,,RAW,5300000082.0,,0.0,"      10,000.000",KG,KG,1,1,1,1,        55.00,1,"     550,000.00","     500,000.00",00/00/0000,0,XI,,,C,X,,0,0,0,0,0.0,,0.0,,,,,X,,0,,,,,X,,X,,,,,0,00/00/0000,0.0,0,0,,,KG,,0.0,0.0,0.0,05/16/2018,F,"     550,000.00",,,,,,SAP,0,           0.000,,TX0000000,,,0,0,,,,,,,,,
670,4500000086,10,,,05/16/2018,Vibranium,VIBRANIUM-052,VIBRANIUM-052,US00,DL00,RM00,,RAW,5300000083.0,,0.0,         800.000,LB,LB,1,1,1,1,"     1,102.50",1,"     882,000.00","     840,000.00",00/00/0000,0,,,,C,X,,0,0,0,0,0.0,,0.0,,,,,X,,0,,,,,X,,X,,,,,0,00/00/0000,0.0,0,0,,,LB,,0.0,0.0,0.0,05/16/2018,F,"     882,000.00",,,,,,SAP,0,           0.000,,,,,0,0,,,,,,,,,
670,4500000087,10,,,05/16/2018,Vibranium,VIBRANIUM-052,VIBRANIUM-052,US00,DL00,RM00,,RAW,5300000084.0,,0.0,         500.000,LB,LB,1,1,1,1,"     1,052.50",1,"     526,250.00","     500,000.00",00/00/0000,0,XI,,,C,X,,0,0,0,0,0.0,,0.0,,,,,X,,0,,,,,X,,X,,,,,0,00/00/0000,0.0,0,0,,,LB,,0.0,0.0,0.0,05/16/2018,F,"     526,250.00",,,,,,SAP,0,           0.000,,TX0000000,,,0,0,,,,,,,,,
670,4500000088,10,,,05/16/2018,Harrisonium,HARRISONIUM-89,HARRISONIUM-89,US00,DL00,RM00,,RAW,5300000040.0,,0.0,           5.000,GM,GM,1,1,1,1,"   200,100.00",1,"   1,000,500.00","   1,000,000.00",00/00/0000,0,XI,,,C,X,,0,0,0,0,0.0,,0.0,,,,,X,,0,K,V,,,X,,X,,,,,0,00/00/0000,0.0,0,0,,,GM,,0.0,0.0,0.0,05/16/2018,F,"   1,000,500.00",X,,,,,SAP,0,           0.000,,TX0000000,,,0,0,,,,,,,,,
670,4500000089,10,,,05/16/2018,Vibranium,VIBRANIUM-052,VIBRANIUM-052,US00,DL00,RM00,,RAW,5300000032.0,,0.0,         100.000,LB,LB,1,1,1,1,"     1,050.00",1,"     105,000.00","     100,000.00",00/00/0000,0,XI,,,C,X,,0,0,0,0,0.0,,0.0,,,,,X,,0,K,V,,,X,,X,,,,,0,00/00/0000,0.0,0,0,,,LB,,0.0,0.0,0.0,05/16/2018,F,"     105,000.00",X,,,,,SAP,0,           0.000,,TX0000000,,,0,0,,,,,,,,,
670,4500000090,10,,,05/16/2018,Uranium,URANIUM-050,URANIUM-050,US00,DL00,RM00,,RAW,5300000049.0,,0.0,         120.000,KG,KG,1,1,1,1,        55.00,1,"       6,600.00","       6,000.00",00/00/0000,0,XI,,,C,X,,0,0,0,0,0.0,,0.0,,,,,X,,0,K,V,,,X,,X,,,,,0,00/00/0000,0.0,0,0,,,KG,,0.0,0.0,0.0,05/16/2018,F,"       6,600.00",X,,,,,SAP,0,           0.000,,TX0000000,,,0,0,,,,,,,,,
670,4500000091,10,,,05/16/2018,Harrisonium,HARRISONIUM-89,HARRISONIUM-89,US00,DL00,RM00,,RAW,5300000085.0,,0.0,           5.000,GM,GM,1,1,1,1,"   210,105.00",1,"   1,050,525.00","   1,000,500.00",00/00/0000,0,XI,,,C,X,,0,0,0,0,0.0,,0.0,,,,,X,,0,K,V,,,X,,X,,,,,0,00/00/0000,0.0,0,0,,,GM,,0.0,0.0,0.0,05/16/2018,F,"   1,050,525.00",X,,,,,SAP,0,           0.000,,TX0000000,,,0,0,,,,,,,,,
670,4500000092,10,,,05/16/2018,Harrisonium,HARRISONIUM-89,HARRISONIUM-89,US00,DL00,RM00,,RAW,5300000086.0,,0.0,          89.000,GM,GM,1,1,1,1,"   200,100.00",1,"  17,808,900.00","  17,800,000.00",00/00/0000,0,XI,,,C,X,,0,0,0,0,0.0,,0.0,,,,,X,,0,,,,,X,,X,,,,,0,00/00/0000,0.0,0,0,,,GM,,0.0,0.0,0.0,05/16/2018,F,"  17,808,900.00",,,,,,SAP,0,           0.000,,TX0000000,,,0,0,,,,,,,,,
670,4500000093,10,,,05/16/2018,Harrisonium,HARRISONIUM-89,HARRISONIUM-89,US00,DL00,,,RAW,5300000087.0,,0.0,         500.000,GM,GM,1,1,1,1,"    20,100.00",1,"  10,050,000.00","  10,000,000.00",00/00/0000,0,XI,,,C,X,,0,0,0,0,0.0,,0.0,,,,,X,,0,,,,,X,,X,,,,,0,00/00/0000,0.0,0,0,,,GM,,0.0,0.0,0.0,05/16/2018,F,"  10,050,000.00",,,,,,SAP,0,           0.000,,TX0000000,,,0,0,,,,,,,,,
670,4500000094,10,,,05/16/2018,Harrisonium,HARRISONIUM-89,HARRISONIUM-89,US00,DL00,,,RAW,5300000088.0,,0.0,         500.000,GM,GM,1,1,1,1,"    20,100.00",1,"  10,050,000.00","  10,000,000.00",00/00/0000,0,XI,,,C,X,,0,0,0,0,0.0,,0.0,,,,,X,,0,,,,,X,,X,,,,,0,00/00/0000,0.0,0,0,,,GM,,0.0,0.0,0.0,05/16/2018,F,"  10,050,000.00",,,,,,SAP,0,           0.000,,TX0000000,,,0,0,,,,,,,,,
670,4500000095,10,,,05/16/2018,Vibranium,VIBRANIUM-052,VIBRANIUM-052,US00,DL00,,,RAW,5300000089.0,,0.0,          20.000,LB,LB,1,1,1,1,"     1,050.00",1,"      21,000.00","      20,000.00",00/00/0000,0,XI,,,C,X,,0,0,0,0,0.0,,0.0,,,,,X,,0,,,,,X,,X,,,,,0,00/00/0000,0.0,0,0,,,LB,,0.0,0.0,0.0,05/16/2018,F,"      21,000.00",,,,,,SAP,0,           0.000,,TX0000000,,,0,0,,,,,,,,,
670,4500000096,10,,,05/16/2018,Vibranium,VIBRANIUM-052,VIBRANIUM-052,US00,DL00,,,RAW,5300000090.0,,0.0,          20.000,LB,LB,1,1,1,1,"     1,050.00",1,"      21,000.00","      20,000.00",00/00/0000,0,XI,,,C,X,,0,0,0,0,0.0,,0.0,,,,,X,,0,,,,,X,,X,,,,,0,00/00/0000,0.0,0,0,,,LB,,0.0,0.0,0.0,05/16/2018,F,"      21,000.00",,,,,,SAP,0,           0.000,,TX0000000,,,0,0,,,,,,,,,
670,4500000097,10,,,05/16/2018,Uranium,URANIUM-050,URANIUM-050,US00,DL00,,,RAW,5300000091.0,,0.0,           5.000,KG,KG,1,1,1,1,        55.00,1,         275.00,         250.00,00/00/0000,0,XI,,,C,X,,0,0,0,0,0.0,,0.0,,,,,X,,0,,,,,X,,X,,,,,0,00/00/0000,0.0,0,0,,,KG,,0.0,0.0,0.0,05/16/2018,F,         275.00,,,,,,SAP,0,           0.000,,TX0000000,,,0,0,,,,,,,,,
670,4500000098,10,,,05/16/2018,Uranium,URANIUM-050,URANIUM-050,US00,DL00,,,RAW,5300000092.0,,0.0,           5.000,KG,KG,1,1,1,1,        55.00,1,         275.00,         250.00,00/00/0000,0,XI,,,C,X,,0,0,0,0,0.0,,0.0,,,,,X,,0,,,,,X,,X,,,,,0,00/00/0000,0.0,0,0,,,KG,,0.0,0.0,0.0,05/16/2018,F,         275.00,,,,,,SAP,0,           0.000,,TX0000000,,,0,0,,,,,,,,,
670,4500000099,10,,,05/16/2018,Vibranium,VIBRANIUM-052,VIBRANIUM-052,US00,DL00,,,RAW,5300000074.0,,0.0,          20.000,LB,LB,1,1,1,1,"     1,102.50",1,"      22,050.00","      21,000.00",00/00/0000,0,XI,,,C,X,,0,0,0,0,0.0,,0.0,,,,,X,,0,,,,,X,,X,,,,,0,00/00/0000,0.0,0,0,,,LB,,0.0,0.0,0.0,05/16/2018,F,"      22,050.00",,,,,,SAP,0,           0.000,,TX0000000,,,0,0,,,,,,,,,
670,4500000100,10,,,05/16/2018,Vibranium,VIBRANIUM-052,VIBRANIUM-052,US00,DL00,,,RAW,5300000074.0,,0.0,          20.000,LB,LB,1,1,1,1,"     1,102.50",1,"      22,050.00","      21,000.00",00/00/0000,0,XI,,,C,X,,0,0,0,0,0.0,,0.0,,,,,X,,0,,,,,X,,X,,,,,0,00/00/0000,0.0,0,0,,,LB,,0.0,0.0,0.0,05/16/2018,F,"      22,050.00",,,,,,SAP,0,           0.000,,TX0000000,,,0,0,,,,,,,,,
670,4500000101,10,,,05/17/2018,Harrisonium,HARRISONIUM-89,HARRISONIUM-89,US00,DL00,,,RAW,5300000093.0,,0.0,          50.000,GM,GM,1,1,1,1,"   200,200.00",1,"  10,010,000.00","  10,005,000.00",00/00/0000,0,,,,C,X,,0,0,0,0,0.0,,0.0,,,,,X,,0,,,,,X,,X,,,,,0,00/00/0000,0.0,0,0,,,GM,,0.0,0.0,0.0,05/17/2018,F,"  10,010,000.00",,,,,,SAP,0,           0.000,,,,,0,0,,,,,,,,,
670,4500000102,10,,,05/17/2018,Harrisonium,HARRISONIUM-89,HARRISONIUM-89,US00,DL00,RM00,,RAW,5300000094.0,,0.0,         200.000,GM,GM,1,1,1,1,"   200,100.00",1,"  40,020,000.00","  40,000,000.00",00/00/0000,0,,,,C,X,,0,0,0,0,0.0,,0.0,,,,,X,,0,,,,,X,,X,,,,,0,00/00/0000,0.0,0,0,,,GM,,0.0,0.0,0.0,05/17/2018,F,"  40,020,000.00",,,,,,SAP,0,           0.000,,,,,0,0,,,,,,,,,
670,4500000103,10,,,05/17/2018,Vibranium,VIBRANIUM-052,VIBRANIUM-052,US00,DL00,RM00,,RAW,5300000095.0,,0.0,         137.000,LB,LB,1,1,1,1,"     1,050.00",1,"     143,850.00","     137,000.00",00/00/0000,0,XI,,,C,X,,0,0,0,0,0.0,,0.0,,,,,X,,0,,,,,X,,X,,,,,0,00/00/0000,0.0,0,0,,,LB,,0.0,0.0,0.0,05/17/2018,F,"     143,850.00",,,,,,SAP,0,           0.000,,TX0000000,,,0,0,,,,,,,,,
670,4500000104,10,,,05/17/2018,Vibranium,VIBRANIUM-052,VIBRANIUM-052,US00,DL00,RM00,,RAW,5300000096.0,,0.0,          20.000,LB,LB,1,1,1,1,"    10,500.00",1,"     210,000.00","     200,000.00",00/00/0000,0,,,,C,X,,0,0,0,0,0.0,,0.0,,,,,X,,0,,,,,X,,X,,,,,0,00/00/0000,0.0,0,0,,,LB,,0.0,0.0,0.0,05/17/2018,F,"     210,000.00",,,,,,SAP,0,           0.000,,,,,0,0,,,,,,,,,
670,4500000105,10,,,05/17/2018,Uranium,URANIUM-050,URANIUM-050,US00,DL00,RM00,,RAW,5300000097.0,,0.0,          20.000,KG,KG,1,1,1,1,        55.00,1,"       1,100.00","       1,000.00",00/00/0000,0,,,,C,X,,0,0,0,0,0.0,,0.0,,,,,X,,0,,,,,X,,X,,,,,0,00/00/0000,0.0,0,0,,,KG,,0.0,0.0,0.0,05/17/2018,F,"       1,100.00",,,,,,SAP,0,           0.000,,,,,0,0,,,,,,,,,
670,4500000106,10,,,00/00/0000,,,,US00,DL00,RM00,,,,,0.0,          50.000,KG,KG,1,1,0,0,        50.00,1,"       2,500.00","       2,500.00",00/00/0000,0,,,,,X,,0,0,0,0,0.0,,0.0,,,,,,,0,,,,,X,,X,,,,,0,00/00/0000,0.0,0,0,,,,,0.0,0.0,0.0,05/17/2018,F,"       2,500.00",,,,,,SAP,0,           0.000,,,,,0,0,,,,,,,,,
670,4500000107,10,,,05/17/2018,Uranium,URANIUM-050,URANIUM-050,US00,DL00,RM00,,RAW,5300000098.0,,0.0,          50.000,KG,KG,1,1,1,1,        55.00,1,"       2,750.00","       2,500.00",00/00/0000,0,XI,,,C,X,,0,0,0,0,0.0,,0.0,,,,,X,,0,,,,,X,,X,,,,,0,00/00/0000,0.0,0,0,,,KG,,0.0,0.0,0.0,05/17/2018,F,"       2,750.00",,,,,,SAP,0,           0.000,,TX0000000,,,0,0,,,,,,,,,
670,4500000108,10,,,05/17/2018,Harrisonium,HARRISONIUM-89,HARRISONIUM-89,US00,DL00,RM00,,RAW,5300000085.0,,0.0,          50.000,GM,GM,1,1,1,1,"   200,105.00",1,"  10,005,250.00","  10,000,000.00",00/00/0000,0,XI,,,C,X,,0,0,0,0,0.0,,0.0,,,,,X,,0,,,,,X,,X,,,,,0,00/00/0000,0.0,0,0,,,GM,,0.0,0.0,0.0,05/17/2018,F,"  10,005,250.00",,,,,,SAP,0,           0.000,,TX0000000,,,0,0,,,,,,,,,
670,4500000109,10,,,05/17/2018,Harrisonium,HARRISONIUM-89,HARRISONIUM-89,US00,DL00,RM00,,RAW,5300000102.0,,0.0,          50.000,GM,GM,1,1,1,1,"   200,100.00",1,"  10,005,000.00","  10,000,000.00",00/00/0000,0,XI,,,C,X,,0,0,0,0,0.0,,0.0,,,,,X,,0,K,V,,,X,,X,,,,,0,00/00/0000,0.0,0,0,,,GM,,0.0,0.0,0.0,05/17/2018,F,"  10,005,000.00",X,,,,,SAP,0,           0.000,,TX0000000,,,0,0,,,,,,,,,
670,4500000110,10,,,05/17/2018,Harrisonium,HARRISONIUM-89,HARRISONIUM-89,US00,DL00,RM00,,RAW,5300000099.0,,0.0,         200.000,GM,GM,1,1,1,1,"   200,200.00",1,"  40,040,000.00","  40,020,000.00",00/00/0000,0,XI,,,C,X,,0,0,0,0,0.0,,0.0,,,,,X,,0,K,V,,,X,,X,,,,,0,00/00/0000,0.0,0,0,,,GM,,0.0,0.0,0.0,05/17/2018,F,"  40,040,000.00",X,,,,,SAP,0,           0.000,,TX0000000,,,0,0,,,,,,,,,
670,4500000111,10,,,05/17/2018,Harrisonium,HARRISONIUM-89,HARRISONIUM-89,US00,DL00,,,RAW,5300000100.0,,0.0,         200.000,GM,GM,1,1,1,1,"   200,110.00",1,"  40,022,000.00","  40,020,000.00",00/00/0000,0,XI,,,C,X,,0,0,0,0,0.0,,0.0,,,,,X,,0,K,V,,,X,,X,,,,,0,00/00/0000,0.0,0,0,,,GM,,0.0,0.0,0.0,05/17/2018,F,"  40,022,000.00",X,,,,,SAP,0,           0.000,,TX0000000,,,0,0,,,,,,,,,
670,4500000112,10,,,05/17/2018,Harrisonium,HARRISONIUM-89,HARRISONIUM-89,US00,DL00,RM00,,RAW,5300000085.0,,0.0,          10.000,GM,GM,1,1,1,1,"   200,100.00",1,"   2,001,000.00","   2,000,000.00",00/00/0000,0,XI,,,C,X,,0,0,0,0,0.0,,0.0,,,,,X,,0,K,V,,,X,,X,,,,,0,00/00/0000,0.0,0,0,,,GM,,0.0,0.0,0.0,05/17/2018,F,"   2,001,000.00",X,,,,,SAP,0,           0.000,,TX0000000,,,0,0,,,,,,,,,
670,4500000113,10,,,05/17/2018,Diamonds,DIAMONDS-032,DIAMONDS-032,US00,DL00,,,RAW,5300000101.0,,0.0,           5.000,G,G,1,1,1,1,"     8,750.00",1,"      43,750.00","      43,750.00",00/00/0000,0,,,,C,X,,0,0,0,0,0.0,,0.0,,,,,,,0,K,V,,,X,,X,,,,,0,00/00/0000,0.0,0,0,,,G,,0.0,0.0,0.0,05/17/2018,F,"      43,750.00",X,,,,,SAP,0,           0.000,,,,,0,0,,,,,,,,,
670,4500000114,10,,,05/17/2018,Vibranium,VIBRANIUM-052,VIBRANIUM-052,US00,DL00,,,RAW,5300000103.0,,0.0,          20.000,LB,LB,1,1,1,1,"     1,100.00",1,"      22,000.00","      21,000.00",00/00/0000,0,,,,C,X,,0,0,0,0,0.0,,0.0,,,,,X,,0,,,,,X,,X,,,,,0,00/00/0000,0.0,0,0,,,LB,,0.0,0.0,0.0,05/17/2018,F,"      22,000.00",,,,,,SAP,0,           0.000,,,,,0,0,,,,,,,,,
670,4500000115,10,,,05/17/2018,Vibranium,VIBRANIUM-052,VIBRANIUM-052,US00,DL00,RM00,,RAW,5300000104.0,,0.0,          25.000,LB,LB,1,1,1,1,"     1,050.00",1,"      26,250.00","      25,000.00",00/00/0000,0,XI,,,C,X,,0,0,0,0,0.0,,0.0,,,,,X,,0,K,V,,,X,,X,,,,,0,00/00/0000,0.0,0,0,,,LB,,0.0,0.0,0.0,05/17/2018,F,"      26,250.00",X,,,,,SAP,0,           0.000,,TX0000000,,,0,0,,,,,,,,,
670,4500000116,10,,,05/17/2018,Vibranium,VIBRANIUM-052,VIBRANIUM-052,US00,DL00,RM00,,RAW,5300000105.0,,0.0,          20.000,LB,LB,1,1,1,1,"     1,100.00",1,"      22,000.00","      21,000.00",00/00/0000,0,XI,,,C,X,,0,0,0,0,0.0,,0.0,,,,,X,,0,K,V,,,X,,X,,,,,0,00/00/0000,0.0,0,0,,,LB,,0.0,0.0,0.0,05/17/2018,F,"      22,000.00",X,,,,,SAP,0,           0.000,,TX0000000,,,0,0,,,,,,,,,
670,4500000117,10,,,05/17/2018,Vibranium,VIBRANIUM-052,VIBRANIUM-052,US00,DL00,RM00,,RAW,5300000105.0,,0.0,         200.000,LB,LB,1,1,1,1,"     1,100.00",1,"     220,000.00","     210,000.00",00/00/0000,0,XI,,,C,X,,0,0,0,0,0.0,,0.0,,,,,X,,0,K,V,,,X,,X,,,,,0,00/00/0000,0.0,0,0,,,LB,,0.0,0.0,0.0,05/17/2018,F,"     220,000.00",X,,,,,SAP,0,           0.000,,TX0000000,,,0,0,,,,,,,,,
670,4500000118,10,,,05/17/2018,Uranium,URANIUM-050,URANIUM-050,US00,DL00,RM00,,RAW,5300000106.0,,0.0,          20.000,KG,KG,1,1,1,1,        60.00,1,"       1,200.00","       1,100.00",00/00/0000,0,XI,,,C,X,,0,0,0,0,0.0,,0.0,,,,,X,,0,K,V,,,X,,X,,,,,0,00/00/0000,0.0,0,0,,,KG,,0.0,0.0,0.0,05/17/2018,F,"       1,200.00",X,,,,,SAP,0,           0.000,,TX0000000,,,0,0,,,,,,,,,
670,4500000119,10,,,05/17/2018,Vibranium,VIBRANIUM-052,VIBRANIUM-052,US00,DL00,RM00,,RAW,5300000107.0,,0.0,          25.000,LB,LB,1,1,1,1,"     1,050.00",1,"      26,250.00","      25,000.00",00/00/0000,0,XI,,,C,X,,0,0,0,0,0.0,,0.0,,,,,X,,0,K,V,,,X,,X,,,,,0,00/00/0000,0.0,0,0,,,LB,,0.0,0.0,0.0,05/17/2018,F,"      26,250.00",X,,,,,SAP,0,           0.000,,TX0000000,,,0,0,,,,,,,,,
670,4500000120,10,,,05/17/2018,Uranium,URANIUM-050,URANIUM-050,US00,DL00,RM00,,RAW,5300000106.0,,0.0,         100.000,KG,KG,1,1,1,1,"     5,505.00",1,"     550,500.00","     550,000.00",00/00/0000,0,XI,,,C,X,,0,0,0,0,0.0,,0.0,,,,,X,,0,K,V,,,X,,X,,,,,0,00/00/0000,0.0,0,0,,,KG,,0.0,0.0,0.0,05/17/2018,F,"     550,500.00",X,,,,,SAP,0,           0.000,,TX0000000,,,0,0,,,,,,,,,
670,4500000121,10,,,05/17/2018,Uranium,URANIUM-050,URANIUM-050,US00,DL00,,,RAW,5300000097.0,,0.0,          20.000,KG,KG,1,1,1,1,        55.00,1,"       1,100.00","       1,000.00",00/00/0000,0,,,,C,X,,0,0,0,0,0.0,,0.0,,,,,X,,0,,,,,X,,X,,,,,0,00/00/0000,0.0,0,0,,,KG,,0.0,0.0,0.0,05/17/2018,F,"       1,100.00",,,,,,SAP,0,           0.000,,,,,0,0,,,,,,,,,
670,4500000122,10,,,05/17/2018,Uranium,URANIUM-050,URANIUM-050,US00,DL00,RM00,,RAW,5300000108.0,,0.0,          10.000,KG,KG,1,1,1,1,        55.00,1,         550.00,         500.00,00/00/0000,0,XI,,,C,X,,0,0,0,0,0.0,,0.0,,,,,X,,0,K,V,,,X,,X,,,,,0,00/00/0000,0.0,0,0,,,KG,,0.0,0.0,0.0,05/17/2018,F,         550.00,X,,,,,SAP,0,           0.000,,TX0000000,,,0,0,,,,,,,,,
670,4500000123,10,,,05/17/2018,Uranium,URANIUM-050,URANIUM-050,US00,DL00,RM00,,RAW,5300000109.0,,0.0,          25.000,KG,KG,1,1,1,1,        55.00,1,"       1,375.00","       1,250.00",00/00/0000,0,XI,,,C,X,,0,0,0,0,0.0,,0.0,,,,,X,,0,K,V,,,X,,X,,,,,0,00/00/0000,0.0,0,0,,,KG,,0.0,0.0,0.0,05/17/2018,F,"       1,375.00",X,,,,,SAP,0,           0.000,,TX0000000,,,0,0,,,,,,,,,
670,4500000124,10,,,05/17/2018,Harrisonium,HARRISONIUM-89,HARRISONIUM-89,US00,DL00,,,RAW,5300000094.0,,0.0,          80.000,GM,GM,1,1,1,1,"   200,100.00",1,"  16,008,000.00","  16,000,000.00",00/00/0000,0,,,,C,X,,0,0,0,0,0.0,,0.0,,,,,X,,0,,,,,X,,X,,,,,0,00/00/0000,0.0,0,0,,,GM,,0.0,0.0,0.0,05/17/2018,F,"  16,008,000.00",,,,,,SAP,0,           0.000,,,,,0,0,,,,,,,,,
670,4500000125,10,,,05/17/2018,Harrisonium,HARRISONIUM-89,HARRISONIUM-89,US00,DL00,,,RAW,5300000094.0,,0.0,          80.000,GM,GM,1,1,1,1,"   200,100.00",1,"  16,008,000.00","  16,000,000.00",00/00/0000,0,,,,C,X,,0,0,0,0,0.0,,0.0,,,,,X,,0,,,,,X,,X,,,,,0,00/00/0000,0.0,0,0,,,GM,,0.0,0.0,0.0,05/17/2018,F,"  16,008,000.00",,,,,,SAP,0,           0.000,,,,,0,0,,,,,,,,,
670,4500000126,10,,,05/17/2018,Vibranium,VIBRANIUM-052,VIBRANIUM-052,US00,DL00,RM00,,RAW,5300000074.0,,0.0,          20.000,LB,LB,1,1,1,1,"     1,102.50",1,"      22,050.00","      21,000.00",00/00/0000,0,XI,,,C,X,,0,0,0,0,0.0,,0.0,,,,,X,,0,K,V,,,X,,X,,,,,0,00/00/0000,0.0,0,0,,,LB,,0.0,0.0,0.0,05/17/2018,F,"      22,050.00",X,,,,,SAP,0,           0.000,,TX0000000,,,0,0,,,,,,,,,
670,4500000127,10,,,05/17/2018,Harrisonium,HARRISONIUM-89,HARRISONIUM-89,US00,DL00,,,RAW,5300000085.0,,0.0,         200.000,GM,GM,1,1,1,1,"   410,100.00",1,"  82,020,000.00","  40,000,000.00",00/00/0000,0,XI,,,C,X,,0,0,0,0,0.0,,0.0,,,,,X,,0,K,V,,,X,,X,,,,,0,00/00/0000,0.0,0,0,,,GM,,0.0,0.0,0.0,05/17/2018,F,"  82,020,000.00",X,,,,,SAP,0,           0.000,,TX0000000,,,0,0,,,,,,,,,
670,4500000128,10,,,05/17/2018,Vibranium,VIBRANIUM-052,VIBRANIUM-052,US00,DL00,,,RAW,5300000032.0,,0.0,         100.000,LB,LB,1,1,1,1,"     1,050.00",1,"     105,000.00","     100,000.00",00/00/0000,0,XI,,,C,X,,0,0,0,0,0.0,,0.0,,,,,,,0,,,,,X,,X,,,,,0,00/00/0000,0.0,0,0,,,LB,,0.0,0.0,0.0,05/17/2018,F,"     105,000.00",,,,,,SAP,0,           0.000,,TX0000000,,,0,0,,,,,,,,,
670,4500000129,10,,,05/17/2018,Vibranium,VIBRANIUM-052,VIBRANIUM-052,US00,DL00,,,RAW,5300000110.0,,0.0,         100.000,LB,LB,1,1,1,1,"     1,100.00",1,"     110,000.00","     105,000.00",00/00/0000,0,XI,,,C,X,,0,0,0,0,0.0,,0.0,,,,,X,,0,,,,,X,,X,,,,,0,00/00/0000,0.0,0,0,,,LB,,0.0,0.0,0.0,05/17/2018,F,"     110,000.00",,,,,,SAP,0,           0.000,,,,,0,0,,,,,,,,,
670,4500000130,10,,,05/17/2018,Harri,HARRISONIUM-89,HARRISONIUM-89,US00,DL00,,,RAW,5300000085.0,,0.0,           5.000,GM,GM,1,1,1,1,"   410,100.00",1,"   2,050,500.00","   1,000,000.00",00/00/0000,0,XI,,,C,X,,0,0,0,0,0.0,,0.0,,,,,X,,0,,,,,X,,X,,,,,0,00/00/0000,0.0,0,0,,,GM,,0.0,0.0,0.0,05/17/2018,F,"   2,050,500.00",,,,,,SAP,0,           0.000,,,,,0,0,,,,,,,,,
670,4500000131,10,,,05/17/2018,Harrisonium,HARRISONIUM-89,HARRISONIUM-89,US00,DL00,,,RAW,5300000111.0,,0.0,          10.000,GM,GM,1,1,1,1,"   200,100.00",1,"   2,001,000.00","   2,001,000.00",00/00/0000,0,XI,,,C,X,,0,0,0,0,0.0,,0.0,,,,,X,,0,,,,,X,,X,,,,,0,00/00/0000,0.0,0,0,,,GM,,0.0,0.0,0.0,05/17/2018,F,"   2,001,000.00",,,,,,SAP,0,           0.000,,TX0000000,,,0,0,,,,,,,,,
670,4500000132,10,,,05/17/2018,Harrisonium,HARRISONIUM-89,HARRISONIUM-89,US00,DL00,,,RAW,5300000112.0,,0.0,          10.000,GM,LB,1,1,1,1,"   200,200.00",1,"   2,002,000.00","   2,001,000.00",00/00/0000,0,XI,,,C,X,,0,0,0,0,0.0,,0.0,,,,,X,,0,,,,,X,,X,,,,,0,00/00/0000,0.0,0,0,,,GM,,0.0,0.0,0.0,05/17/2018,F,"   2,002,000.00",,,,,,SAP,0,           0.000,,TX0000000,,,0,0,,,,,,,,,
670,4500000133,10,,,05/17/2018,Uranium,URANIUM-050,URANIUM-050,US00,DL00,,,RAW,5300000113.0,,0.0,         100.000,KG,KG,1,1,1,1,        55.00,1,"       5,500.00","       5,500.00",00/00/0000,0,XI,,,C,X,,0,0,0,0,0.0,,0.0,,,,,,,0,,,,,X,,X,,,,,0,00/00/0000,0.0,0,0,,,KG,,0.0,0.0,0.0,05/17/2018,F,"       5,500.00",,,,,,SAP,0,           0.000,,TX0000000,,,0,0,,,,,,,,,
670,4500000134,10,,,05/17/2018,Uranium,URANIUM-050,URANIUM-050,US00,DL00,,,RAW,5300000113.0,,0.0,          50.000,KG,KG,1,1,1,1,        60.00,1,"       3,000.00","       2,750.00",00/00/0000,0,XI,,,C,X,,0,0,0,0,0.0,,0.0,,,,,X,,0,,,,,X,,X,,,,,0,00/00/0000,0.0,0,0,,,KG,,0.0,0.0,0.0,05/17/2018,F,"       3,000.00",,,,,,SAP,0,           0.000,,TX0000000,,,0,0,,,,,,,,,
670,4500000135,10,,,05/17/2018,Harrisonium,HARRISONIUM-89,HARRISONIUM-89,US00,DL00,,,RAW,5300000112.0,,0.0,         100.000,GM,GM,1,1,1,1,"   200,100.00",1,"  20,010,000.00","  20,000,000.00",00/00/0000,0,XI,,,C,X,,0,0,0,0,0.0,,0.0,,,,,X,,0,,,,,X,,X,,,,,0,00/00/0000,0.0,0,0,,,GM,,0.0,0.0,0.0,05/17/2018,F,"  20,010,000.00",,,,,,SAP,0,           0.000,,TX0000000,,,0,0,,,,,,,,,
670,4500000136,10,,,05/17/2018,Harrisonium,HARRISONIUM-89,HARRISONIUM-89,US00,DL00,RM00,,RAW,5300000114.0,,0.0,         150.000,GM,GM,1,1,1,1,"   200,100.00",1,"  30,015,000.00","  30,000,000.00",00/00/0000,0,XI,,,C,X,,0,0,0,0,0.0,,0.0,,,,,X,,0,,,,,X,,X,,,,,0,00/00/0000,0.0,0,0,,,GM,,0.0,0.0,0.0,05/17/2018,F,"  30,015,000.00",,,,,,SAP,0,           0.000,,TX0000000,,,0,0,,,,,,,,,
670,4500000137,10,,,05/17/2018,Vibranium,VIBRANIUM-052,VIBRANIUM-052,US00,DL00,,,RAW,5300000115.0,,0.0,         100.000,LB,LB,1,1,1,1,"     1,050.00",1,"     105,000.00","     100,000.00",00/00/0000,0,XI,,,C,X,,0,0,0,0,0.0,,0.0,,,,,X,,0,,,,,X,,X,,,,,0,00/00/0000,0.0,0,0,,,LB,,0.0,0.0,0.0,05/17/2018,F,"     105,000.00",,,,,,SAP,0,           0.000,,TX0000000,,,0,0,,,,,,,,,
670,4500000138,10,,,05/17/2018,Vibranium,VIBRANIUM-052,VIBRANIUM-052,US00,DL00,,,RAW,5300000116.0,,0.0,         100.000,LB,LB,1,1,1,1,"     1,050.00",1,"     105,000.00","     100,000.00",00/00/0000,0,XI,,,C,X,,0,0,0,0,0.0,,0.0,,,,,X,,0,,,,,X,,X,,,,,0,00/00/0000,0.0,0,0,,,LB,,0.0,0.0,0.0,05/17/2018,F,"     105,000.00",,,,,,SAP,0,           0.000,,TX0000000,,,0,0,,,,,,,,,
670,4500000139,10,,,05/17/2018,Uranium,URANIUM-050,URANIUM-050,US00,DL00,,,RAW,5300000117.0,,0.0,          20.000,KG,KG,1,1,1,1,        55.00,1,"       1,100.00","       1,100.00",00/00/0000,0,,,,C,X,,0,0,0,0,0.0,,0.0,,,,,X,,0,,,,,X,,X,,,,,0,00/00/0000,0.0,0,0,,,KG,,0.0,0.0,0.0,05/17/2018,F,"       1,100.00",,,,,,SAP,0,           0.000,,,,,0,0,,,,,,,,,
670,4500000140,10,,,05/17/2018,Harrisonium,HARRISONIUM-89,HARRISONIUM-89,US00,DL00,,,RAW,5300000118.0,,0.0,          10.000,GM,GM,1,1,1,1,"     2,000.00",1,"      20,000.00","      20,000.00",00/00/0000,0,,,,C,X,,0,0,0,0,0.0,,0.0,,,,,,,0,,,,,X,,X,,,,,0,00/00/0000,0.0,0,0,,,GM,,0.0,0.0,0.0,05/17/2018,F,"      20,000.00",,,,,,SAP,0,           0.000,,,,,0,0,,,,,,,,,
670,4500000141,10,,,05/17/2018,Vibranium,VIBRANIUM-052,VIBRANIUM-052,US00,DL00,,,RAW,5300000074.0,,0.0,         100.000,LB,LB,1,1,1,1,"     1,102.50",1,"     110,250.00","     105,000.00",00/00/0000,0,XI,,,C,X,,0,0,0,0,0.0,,0.0,,,,,X,,0,,,,,X,,X,,,,,0,00/00/0000,0.0,0,0,,,LB,,0.0,0.0,0.0,05/17/2018,F,"     110,250.00",,,,,,SAP,0,           0.000,,TX0000000,,,0,0,,,,,,,,,
670,4500000142,10,,,05/17/2018,Uranium,URANIUM-050,URANIUM-050,US00,DL00,,,RAW,5300000119.0,,0.0,         100.000,KG,KG,1,1,1,1,        55.00,1,"       5,500.00","       5,000.00",00/00/0000,0,XI,,,C,X,,0,0,0,0,0.0,,0.0,,,,,X,,0,,,,,X,,X,,,,,0,00/00/0000,0.0,0,0,,,KG,,0.0,0.0,0.0,05/17/2018,F,"       5,500.00",,,,,,SAP,0,           0.000,,TX0000000,,,0,0,,,,,,,,,
670,4500000143,10,,,05/17/2018,Uranium,URANIUM-050,URANIUM-050,US00,DL00,,,RAW,5300000120.0,,0.0,         100.000,KG,KG,1,1,1,1,        55.00,1,"       5,500.00","       5,000.00",00/00/0000,0,XI,,,C,X,,0,0,0,0,0.0,,0.0,,,,,X,,0,,,,,X,,X,,,,,0,00/00/0000,0.0,0,0,,,KG,,0.0,0.0,0.0,05/17/2018,F,"       5,500.00",,,,,,SAP,0,           0.000,,TX0000000,,,0,0,,,,,,,,,
670,4500000144,10,,,05/17/2018,Uranium,URANIUM-050,URANIUM-050,US00,DL00,,,RAW,5300000070.0,,0.0,          20.000,KG,KG,1,1,1,1,        60.25,1,"       1,205.00","       1,100.00",00/00/0000,0,XI,,,C,X,,0,0,0,0,0.0,,0.0,,,,,X,,0,,,,,X,,X,,,,,0,00/00/0000,0.0,0,0,,,KG,,0.0,0.0,0.0,05/17/2018,F,"       1,205.00",,,,,,SAP,0,           0.000,,TX0000000,,,0,0,,,,,,,,,
670,4500000145,10,,,05/17/2018,Vibranium,VIBRANIUM-052,VIBRANIUM-052,US00,DL00,,,RAW,5300000121.0,,0.0,          15.000,LB,LB,1,1,1,1,"     1,050.00",1,"      15,750.00","      15,750.00",00/00/0000,0,XI,,,C,X,,0,0,0,0,0.0,,0.0,,,,,X,,0,,,,,X,,X,,,,,0,00/00/0000,0.0,0,0,,,LB,,0.0,0.0,0.0,05/17/2018,F,"      15,750.00",,,,,,SAP,0,           0.000,,TX0000000,,,0,0,,,,,,,,,
670,4500000146,10,,,05/17/2018,Harrisonium,HARRISONIUM-89,HARRISONIUM-89,US00,DL00,,,RAW,5300000122.0,,0.0,          15.000,GM,GM,1,1,1,1,"     2,000.00",1,"      30,000.00","      30,000.00",00/00/0000,0,,,,C,X,,0,0,0,0,0.0,,0.0,,,,,,,0,,,,,X,,X,,,,,0,00/00/0000,0.0,0,0,,,GM,,0.0,0.0,0.0,05/17/2018,F,"      30,000.00",,,,,,SAP,0,           0.000,,,,,0,0,,,,,,,,,
670,4500000147,10,,,05/17/2018,Uranium,URANIUM-050,URANIUM-050,US00,DL00,,,RAW,5300000070.0,,0.0,         100.000,KG,KG,1,1,1,1,        60.25,1,"       6,025.00","       5,500.00",00/00/0000,0,XI,,,C,X,,0,0,0,0,0.0,,0.0,,,,,X,,0,,,,,X,,X,,,,,0,00/00/0000,0.0,0,0,,,KG,,0.0,0.0,0.0,05/17/2018,F,"       6,025.00",,,,,,SAP,0,           0.000,,TX0000000,,,0,0,,,,,,,,,
670,4500000148,10,,,05/17/2018,Uranium,URANIUM-050,URANIUM-050,US00,DL00,,,RAW,5300000070.0,,0.0,         100.000,KG,KG,1,1,1,1,        60.25,1,"       6,025.00","       5,500.00",00/00/0000,0,XI,,,C,X,,0,0,0,0,0.0,,0.0,,,,,X,,0,,,,,X,,X,,,,,0,00/00/0000,0.0,0,0,,,KG,,0.0,0.0,0.0,05/17/2018,F,"       6,025.00",,,,,,SAP,0,           0.000,,TX0000000,,,0,0,,,,,,,,,
670,4500000149,10,,,05/17/2018,Harrisonium,HARRISONIUM-89,HARRISONIUM-89,US00,DL00,,,RAW,5300000114.0,,0.0,         200.000,GM,GM,1,1,1,1,"   200,100.00",1,"  40,020,000.00","  40,000,000.00",00/00/0000,0,XI,,,C,X,,0,0,0,0,0.0,,0.0,,,,,X,,0,,,,,X,,X,,,,,0,00/00/0000,0.0,0,0,,,GM,,0.0,0.0,0.0,05/17/2018,F,"  40,020,000.00",,,,,,SAP,0,           0.000,,TX0000000,,,0,0,,,,,,,,,
670,4500000150,10,,,05/17/2018,Harrisonium,HARRISONIUM-89,HARRISONIUM-89,US00,DL00,,,RAW,5300000123.0,,0.0,          50.000,GM,GM,1,1,1,1,"   200,100.00",1,"  10,005,000.00","  10,005,000.00",00/00/0000,0,,,,C,X,,0,0,0,0,0.0,,0.0,,,,,,,0,,,,,X,,X,,,,,0,00/00/0000,0.0,0,0,,,GM,,0.0,0.0,0.0,05/01/2018,F,"  10,005,000.00",,,,,,SAP,0,           0.000,,,,,0,0,,,,,,,,,
670,4500000151,10,,,05/17/2018,Harrisonium,HARRISONIUM-89,HARRISONIUM-89,US00,DL00,,,RAW,5300000085.0,,0.0,          15.000,GM,GM,1,1,1,1,"   410,100.00",1,"   6,151,500.00","   3,000,000.00",00/00/0000,0,XI,,,C,X,,0,0,0,0,0.0,,0.0,,,,,X,,0,K,V,,,X,,X,,,,,0,00/00/0000,0.0,0,0,,,GM,,0.0,0.0,0.0,05/01/2018,F,"   6,151,500.00",X,,,,,SAP,0,           0.000,,,,,0,0,,,,,,,,,
670,4500000152,10,,,05/17/2018,Vibranium,VIBRANIUM-052,VIBRANIUM-052,US00,DL00,,,RAW,5300000124.0,,0.0,          10.000,LB,LB,1,1,1,1,"     1,150.00",1,"      11,500.00","      10,500.00",00/00/0000,0,XI,,,C,X,,0,0,0,0,0.0,,0.0,,,,,X,,0,,,,,X,,X,,,,,0,00/00/0000,0.0,0,0,,,LB,,0.0,0.0,0.0,05/17/2018,F,"      11,500.00",,,,,,SAP,0,           0.000,,TX0000000,,,0,0,,,,,,,,,
670,4500000153,10,,,05/17/2018,Uranium,URANIUM-050,URANIUM-050,US00,DL00,,,RAW,5300000108.0,,0.0,          12.000,KG,KG,1,1,1,1,        55.00,1,         660.00,         600.00,00/00/0000,0,XI,,,C,X,,0,0,0,0,0.0,,0.0,,,,,X,,0,,,,,X,,X,,,,,0,00/00/0000,0.0,0,0,,,KG,,0.0,0.0,0.0,05/17/2018,F,         660.00,,,,,,SAP,0,           0.000,,TX0000000,,,0,0,,,,,,,,,
670,4500000154,10,,,05/17/2018,Kryptonite,KRYPTONITE-042,KRYPTONITE-042,US00,DL00,RM00,,RAW,,,0.0,           5.000,LB,LB,1,1,1,1,        15.00,1,          75.00,          75.00,00/00/0000,0,XI,,,A,X,,0,0,0,0,0.0,,0.0,,,,,,,0,K,V,,,X,,X,,,,,0,00/00/0000,0.0,0,0,,,LB,,0.0,0.0,0.0,05/17/2018,F,          75.00,X,,,,,SAP,0,           0.000,,TEXAS,,,0,0,,,,,,,,,
670,4500000155,10,,,00/00/0000,Kryptonite,KRYPTONITE-042,KRYPTONITE-042,US00,DL00,RM00,,RAW,,,0.0,           0.000,LB,LB,1,1,1,1,         0.00,1,          15.00,           0.00,00/00/0000,0,XI,,,A,X,,0,0,0,0,0.0,,0.0,,,,,,,0,K,V,,,X,,X,,,,,0,00/00/0000,0.0,0,0,,,LB,,0.0,0.0,0.0,05/17/2018,F,           0.00,X,,,,,SAP,0,           0.000,,TEXAS,,,0,0,,,,,,,,,
670,4500000156,10,,,05/17/2018,Harrisonium,HARRISONIUM-89,HARRISONIUM-89,US00,DL00,RM00,,RAW,5300000125.0,,0.0,          50.000,GM,GM,1,1,1,1,"   200,100.00",1,"  10,005,000.00","  10,000,000.00",00/00/0000,0,XI,,,C,X,,0,0,0,0,0.0,,0.0,,,,,X,,0,,,,,X,,X,,,,,0,00/00/0000,0.0,0,0,,,GM,,0.0,0.0,0.0,05/17/2018,F,"  10,005,000.00",,,,,,SAP,0,           0.000,,TX0000000,,,0,0,,,,,,,,,
670,4500000157,10,,,05/17/2018,Vibranium,VIBRANIUM-052,VIBRANIUM-052,US00,DL00,RM00,,RAW,5300000032.0,,0.0,          50.000,LB,LB,1,1,1,1,"     1,100.00",1,"      55,000.00","      50,000.00",00/00/0000,0,XI,,,C,X,,0,0,0,0,0.0,,0.0,,,,,X,,0,,,,,X,,X,,,,,0,00/00/0000,0.0,0,0,,,LB,,0.0,0.0,0.0,05/17/2018,F,"      55,000.00",,,,,,SAP,0,           0.000,,TX0000000,,,0,0,,,,,,,,,
670,4500000158,10,,,05/17/2018,Socket Head Bolt 5x20mm,BOLT1011,BOLT1011,US00,DL00,,,RAW,5300000126.0,,0.0,          42.000,EA,EA,1,1,1,1,         0.10,1,           4.20,           4.20,00/00/0000,0,XI,,,C,X,,0,0,0,0,0.0,,0.0,,,,,,,0,,,,,X,,X,,,,,0,00/00/0000,0.0,0,0,,,EA,,0.0,0.0,0.0,05/17/2018,F,           4.20,,,,,,SAP,1,          20.000,G,TX0000000,,,0,0,,,,,,,,,
670,4500000159,10,,,05/17/2018,URANIUM,URANIUM-050,URANIUM-050,US00,DL00,RM00,,RAW,5300000127.0,,0.0,          20.000,KG,KG,1,1,1,1,        55.00,1,"       1,100.00","       1,000.00",00/00/0000,0,XI,,,C,X,,0,0,0,0,0.0,,0.0,,,,,X,,0,,,,,X,,X,,,,,0,00/00/0000,0.0,0,0,,,KG,,0.0,0.0,0.0,05/17/2018,F,"       1,100.00",,,,,,SAP,0,           0.000,,TX0000000,,,0,0,,,,,,,,,
670,4500000160,10,,,05/17/2018,Socket Head Bolt 5x20mm,BOLT1011,BOLT1011,US00,DL00,,,RAW,5300000126.0,,0.0,          42.000,EA,EA,1,1,1,1,         0.10,1,           4.20,           4.20,00/00/0000,0,XI,,,C,X,,0,0,0,0,0.0,,0.0,,,,,,,0,,,,,X,,X,,,,,0,00/00/0000,0.0,0,0,,,EA,,0.0,0.0,0.0,05/17/2018,F,           4.20,,,,,,SAP,1,          20.000,G,TX0000000,,,0,0,,,,,,,,,
670,4500000161,10,,,05/17/2018,VIBRANIUM,VIBRANIUM-052,VIBRANIUM-052,US00,DL00,,,RAW,5300000074.0,,0.0,          10.000,LB,LB,1,1,1,1,"     1,102.50",1,"      11,025.00","      10,500.00",00/00/0000,0,XI,,,C,X,,0,0,0,0,0.0,,0.0,,,,,X,,0,,,,,X,,X,,,,,0,00/00/0000,0.0,0,0,,,LB,,0.0,0.0,0.0,05/17/2018,F,"      11,025.00",,,,,,SAP,0,           0.000,,TX0000000,,,0,0,,,,,,,,,
670,4500000162,10,,,05/17/2018,Harrisonium,HARRISONIUM-89,HARRISONIUM-89,US00,DL00,,,RAW,5300000128.0,,0.0,         100.000,GM,GM,1,1,1,1,"   200,100.00",1,"  20,010,000.00","  20,000,000.00",00/00/0000,0,XI,,,C,X,,0,0,0,0,0.0,,0.0,,,,,X,,0,,,,,X,,X,,,,,0,00/00/0000,0.0,0,0,,,GM,,0.0,0.0,0.0,05/17/2018,F,"  20,010,000.00",,,,,,SAP,0,           0.000,,TX0000000,,,0,0,,,,,,,,,
670,4500000163,10,,,05/17/2018,Vibranium,VIBRANIUM-052,VIBRANIUM-052,US00,DL00,,,RAW,5300000129.0,,0.0,         100.000,LB,LB,1,1,1,1,"     1,050.00",1,"     105,000.00","     100,000.00",00/00/0000,0,,,,C,X,,0,0,0,0,0.0,,0.0,,,,,X,,0,,,,,X,,X,,,,,0,00/00/0000,0.0,0,0,,,LB,,0.0,0.0,0.0,05/17/2018,F,"     105,000.00",,,,,,SAP,0,           0.000,,,,,0,0,,,,,,,,,
670,4500000164,10,,,05/17/2018,Vibranium,VIBRANIUM-052,VIBRANIUM-052,US00,DL00,,,RAW,5300000130.0,,0.0,         100.000,LB,LB,1,1,1,1,"     1,050.00",1,"     105,000.00","     100,000.00",00/00/0000,0,XI,,,C,X,,0,0,0,0,0.0,,0.0,,,,,X,,0,,,,,X,,X,,,,,0,00/00/0000,0.0,0,0,,,LB,,0.0,0.0,0.0,05/17/2018,F,"     105,000.00",,,,,,SAP,0,           0.000,,TX0000000,,,0,0,,,,,,,,,
670,4500000165,10,,,05/17/2018,Uranium,URANIUM-050,URANIUM-050,US00,DL00,RM00,,RAW,5300000131.0,,0.0,         100.000,KG,KG,1,1,1,1,        55.00,1,"       5,500.00","       5,000.00",00/00/0000,0,XI,,,C,X,,0,0,0,0,0.0,,0.0,,,,,X,,0,,,,,X,,X,,,,,0,00/00/0000,0.0,0,0,,,KG,,0.0,0.0,0.0,05/17/2018,F,"       5,500.00",,,,,,SAP,0,           0.000,,TX0000000,,,0,0,,,,,,,,,
670,4500000166,10,,,05/17/2018,Uranium,URANIUM-050,URANIUM-050,US00,DL00,RM00,,RAW,5300000070.0,,0.0,         100.000,KG,KG,1,1,1,1,        55.25,1,"       5,525.00","       5,000.00",00/00/0000,0,XI,,,C,X,,0,0,0,0,0.0,,0.0,,,,,X,,0,,,,,X,,X,,,,,0,00/00/0000,0.0,0,0,,,KG,,0.0,0.0,0.0,05/17/2018,F,"       5,525.00",,,,,,SAP,0,           0.000,,TX0000000,,,0,0,,,,,,,,,
670,4500000167,10,,,05/18/2018,Uranium,URANIUM-050,URANIUM-050,US00,DL00,,,RAW,5300000132.0,,0.0,           5.000,KG,KG,1,1,1,1,        55.00,1,         275.00,         275.00,00/00/0000,0,XI,,,C,X,,0,0,0,0,0.0,,0.0,,,,,X,,0,,,,,X,,X,,,,,0,00/00/0000,0.0,0,0,,,KG,,0.0,0.0,0.0,05/17/2018,F,         275.00,,,,,,SAP,0,           0.000,,TX0000000,,,0,0,,,,,,,,,
670,4500000168,10,,,05/18/2018,Vibranium,VIBRANIUM-052,VIBRANIUM-052,US00,DL00,RM00,,RAW,5300000074.0,,0.0,          10.000,LB,LB,1,1,1,1,"     1,102.50",1,"      11,025.00","      10,500.00",00/00/0000,0,XI,,,C,X,,0,0,0,0,0.0,,0.0,,,,,X,,0,,,,,X,,X,,,,,0,00/00/0000,0.0,0,0,,,LB,,0.0,0.0,0.0,05/18/2018,F,"      11,025.00",,,,,,SAP,0,           0.000,,TX0000000,,,0,0,,,,,,,,,
670,4500000169,10,,,05/18/2018,Uranium,URANIUM-050,URANIUM-050,US00,DL00,,,RAW,5300000070.0,,0.0,           5.000,KG,KG,1,1,1,1,        61.30,1,         306.50,         250.00,00/00/0000,0,XI,,,C,X,,0,0,0,0,0.0,,0.0,,,,,X,,0,,,,,X,,X,,,,,0,00/00/0000,0.0,0,0,,,KG,,0.0,0.0,0.0,05/18/2018,F,         306.50,,,,,,SAP,0,           0.000,,TX0000000,,,0,0,,,,,,,,,
670,4500000170,10,,,05/18/2018,Uranium,URANIUM-050,URANIUM-050,US00,DL00,,,RAW,5300000133.0,,0.0,          50.000,KG,KG,1,1,1,1,        60.00,1,"       3,000.00","       2,750.00",00/00/0000,0,XI,,,C,X,,0,0,0,0,0.0,,0.0,,,,,,,0,,,,,X,,X,,,,,0,00/00/0000,0.0,0,0,,,KG,,0.0,0.0,0.0,05/18/2018,F,"       3,000.00",,,,,,SAP,0,           0.000,,TX0000000,,,0,0,,,,,,,,,
670,4500000171,10,,,05/18/2018,Vibranium,VIBRANIUM-052,VIBRANIUM-052,US00,DL00,,,RAW,5300000134.0,,0.0,         100.000,LB,LB,1,1,1,1,"     1,100.00",1,"     110,000.00","     105,000.00",00/00/0000,0,XI,,,C,X,,0,0,0,0,0.0,,0.0,,,,,X,,0,,,,,X,,X,,,,,0,00/00/0000,0.0,0,0,,,LB,,0.0,0.0,0.0,05/18/2018,F,"     110,000.00",,,,,,SAP,0,           0.000,,TX0000000,,,0,0,,,,,,,,,
670,4500000172,10,,,05/18/2018,Uranium,URANIUM-050,URANIUM-050,US00,DL00,RM00,,RAW,5300000135.0,,0.0,          50.000,KG,KG,1,1,1,1,        60.00,1,"       3,000.00","       2,750.00",00/00/0000,0,XI,,,C,X,,0,0,0,0,0.0,,0.0,,,,,X,,0,,,,,X,,X,,,,,0,00/00/0000,0.0,0,0,,,KG,,0.0,0.0,0.0,05/18/2018,F,"       3,000.00",,,,,,SAP,0,           0.000,,TX0000000,,,0,0,,,,,,,,,
670,4500000173,10,,,05/18/2018,Uranium,URANIUM-050,URANIUM-050,US00,DL00,RM00,,RAW,5300000070.0,,0.0,          50.000,KG,KG,1,1,1,1,        55.25,1,"       2,762.50","       2,500.00",00/00/0000,0,XI,,,C,X,,0,0,0,0,0.0,,0.0,,,,,X,,0,,,,,X,,X,,,,,0,00/00/0000,0.0,0,0,,,KG,,0.0,0.0,0.0,05/18/2018,F,"       2,762.50",,,,,,SAP,0,           0.000,,TX0000000,,,0,0,,,,,,,,,
670,4500000174,10,,,05/18/2018,Harrisonium,HARRISONIUM-89,HARRISONIUM-89,US00,DL00,,,RAW,5300000136.0,,0.0,         110.000,GM,GM,1,1,1,1,"     1,100.00",1,"     121,000.00","     110,000.00",00/00/0000,0,XI,,,C,X,,0,0,0,0,0.0,,0.0,,,,,X,,0,,,,,X,,X,,,,,0,00/00/0000,0.0,0,0,,,GM,,0.0,0.0,0.0,05/18/2018,F,"     121,000.00",,,,,,SAP,0,           0.000,,TX0000000,,,0,0,,,,,,,,,
670,4500000175,10,,,05/18/2018,Harrisonium,HARRISONIUM-89,HARRISONIUM-89,US00,DL00,RM00,,RAW,5300000137.0,,0.0,          50.000,GM,GM,1,1,1,1,"   200,100.00",1,"  10,005,000.00","  10,000,000.00",00/00/0000,0,XI,,,C,X,,0,0,0,0,0.0,,0.0,,,,,X,,0,K,V,,,X,,X,,,,,0,00/00/0000,0.0,0,0,,,GM,,0.0,0.0,0.0,05/18/2018,F,"  10,005,000.00",X,,,,,SAP,0,           0.000,,TX0000000,,,0,0,,,,,,,,,
670,4500000176,10,,,05/18/2018,Vibranium,VIBRANIUM-052,VIBRANIUM-052,US00,DL00,RM00,,RAW,5300000138.0,,0.0,          25.000,LB,LB,1,1,1,1,"     1,050.00",1,"      26,250.00","      25,000.00",00/00/0000,0,XI,,,C,X,,0,0,0,0,0.0,,0.0,,,,,X,,0,K,V,,,X,,X,,,,,0,00/00/0000,0.0,0,0,,,LB,,0.0,0.0,0.0,05/18/2018,F,"      26,250.00",X,,,,,SAP,0,           0.000,,TX0000000,,,0,0,,,,,,,,,
670,4500000177,10,,,05/18/2018,Vibranium,VIBRANIUM-052,VIBRANIUM-052,US00,DL00,RM00,,RAW,5300000139.0,,0.0,          25.000,LB,LB,1,1,1,1,"     1,050.00",1,"      26,250.00","      25,000.00",00/00/0000,0,XI,,,C,X,,0,0,0,0,0.0,,0.0,,,,,X,,0,K,V,,,X,,X,,,,,0,00/00/0000,0.0,0,0,,,LB,,0.0,0.0,0.0,05/18/2018,F,"      26,250.00",X,,,,,SAP,0,           0.000,,TX0000000,,,0,0,,,,,,,,,
670,4500000178,10,,,05/18/2018,Harrisonium,HARRISONIUM-89,HARRISONIUM-89,US00,DL00,,,RAW,5300000140.0,,0.0,         110.000,GM,GM,1,1,1,1,"     1,100.00",1,"     121,000.00","     110,000.00",00/00/0000,0,XI,,,C,X,,0,0,0,0,0.0,,0.0,,,,,X,,0,,,,,X,,X,,,,,0,00/00/0000,0.0,0,0,,,GM,,0.0,0.0,0.0,05/18/2018,F,"     121,000.00",,,,,,SAP,0,           0.000,,TX0000000,,,0,0,,,,,,,,,
670,4500000179,10,,,05/18/2018,Uranium,URANIUM-050,URANIUM-050,US00,DL00,RM00,,RAW,5300000141.0,,0.0,          50.000,KG,KG,1,1,1,1,        55.00,1,"       2,750.00","       2,500.00",00/00/0000,0,XI,,,C,X,,0,0,0,0,0.0,,0.0,,,,,X,,0,K,V,,,X,,X,,,,,0,00/00/0000,0.0,0,0,,,KG,,0.0,0.0,0.0,05/18/2018,F,"       2,750.00",X,,,,,SAP,0,           0.000,,TX0000000,,,0,0,,,,,,,,,
670,4500000180,10,,,05/18/2018,Harrisonium,HARRISONIUM-89,HARRISONIUM-89,US00,DL00,RM00,,RAW,5300000142.0,,0.0,         110.000,GM,GM,1,1,1,1,"     1,100.00",1,"     121,000.00","     110,000.00",00/00/0000,0,XI,,,C,X,,0,0,0,0,0.0,,0.0,,,,,X,,0,,,,,X,,X,,,,,0,00/00/0000,0.0,0,0,,,GM,,0.0,0.0,0.0,05/18/2018,F,"     121,000.00",,,,,,SAP,0,           0.000,,TX0000000,,,0,0,,,,,,,,,
670,4500000181,10,,,05/18/2018,Uranium,URANIUM-050,URANIUM-050,US00,DL00,RM00,,RAW,5300000070.0,,0.0,          10.000,KG,KG,1,1,1,1,        55.25,1,         552.50,         500.00,00/00/0000,0,XI,,,C,X,,0,0,0,0,0.0,,0.0,,,,,X,,0,K,V,,,X,,X,,,,,0,00/00/0000,0.0,0,0,,,KG,,0.0,0.0,0.0,05/18/2018,F,         552.50,X,,,,,SAP,0,           0.000,,TX0000000,,,0,0,,,,,,,,,
670,4500000182,10,,,05/18/2018,Socket Head Bolt 5x20mm,BOLT1011,BOLT1011,US00,DL00,RM00,,RAW,5300000126.0,,0.0,          42.000,EA,EA,1,1,1,1,         0.11,1,           4.62,           4.20,00/00/0000,0,XI,,,C,X,,0,0,0,0,0.0,,0.0,,,,,,,0,,,,,X,,X,,,,,0,00/00/0000,0.0,0,0,,,EA,,0.0,0.0,0.0,05/18/2018,F,           4.62,,,,,,SAP,1,          20.000,G,TX0000000,,,0,0,,,,,,,,,
670,4500000183,10,,,05/18/2018,Harrisonium,HARRISONIUM-89,HARRISONIUM-89,US00,DL00,RM00,,RAW,5300000094.0,,0.0,          50.000,GM,GM,1,1,1,1,"   200,100.00",1,"  10,005,000.00","  10,000,000.00",00/00/0000,0,XI,,,C,X,,0,0,0,0,0.0,,0.0,,,,,X,,0,K,V,,,X,,X,,,,,0,00/00/0000,0.0,0,0,,,GM,,0.0,0.0,0.0,05/18/2018,F,"  10,005,000.00",X,,,,,SAP,0,           0.000,,TX0000000,,,0,0,,,,,,,,,
670,4500000184,10,,,05/18/2018,Vibranium,VIBRANIUM-052,VIBRANIUM-052,US00,DL00,RM00,,RAW,,,0.0,           5.000,LB,LB,1,1,1,1,"     1,050.00",1,"       5,250.00","       5,000.00",00/00/0000,0,XI,,,A,X,,0,0,0,0,0.0,,0.0,,,,,,,0,K,V,,,X,,X,,,,,0,00/00/0000,0.0,0,0,,,LB,,0.0,0.0,0.0,05/18/2018,F,"       5,250.00",X,,,,,SAP,0,           0.000,,TX0000000,,,0,0,,,,,,,,,
670,4500000185,10,,,05/18/2018,Uranium,URANIUM-050,URANIUM-050,US00,DL00,RM00,,RAW,5300000143.0,,0.0,           5.000,KG,KG,1,1,1,1,        55.00,1,         275.00,         250.00,00/00/0000,0,XI,,,C,X,,0,0,0,0,0.0,,0.0,,,,,X,,0,K,V,,,X,,X,,,,,0,00/00/0000,0.0,0,0,,,KG,,0.0,0.0,0.0,05/18/2018,F,         275.00,X,,,,,SAP,0,           0.000,,TX0000000,,,0,0,,,,,,,,,
670,4500000186,10,,,05/18/2018,Socket Head Bolt 5x20mm,BOLT1011,BOLT1011,US00,DL00,RM00,,RAW,5300000144.0,,0.0,          44.000,EA,EA,1,1,1,1,         0.11,1,           4.84,           4.40,00/00/0000,0,XI,,,C,X,,0,0,0,0,0.0,,0.0,,,,,,,0,,,,,X,,X,,,,,0,00/00/0000,0.0,0,0,,,EA,,0.0,0.0,0.0,05/18/2018,F,           4.84,,,,,,SAP,1,          20.000,G,TX0000000,,,0,0,,,,,,,,,
670,4500000187,10,,,05/18/2018,Vibranium,VIBRANIUM-052,VIBRANIUM-052,US00,DL00,RM00,,RAW,5300000145.0,,0.0,           5.000,LB,LB,1,1,1,1,"     1,050.00",1,"       5,250.00","       5,000.00",00/00/0000,0,XI,,,C,X,,0,0,0,0,0.0,,0.0,,,,,X,,0,K,V,,,X,,X,,,,,0,00/00/0000,0.0,0,0,,,LB,,0.0,0.0,0.0,05/18/2018,F,"       5,250.00",X,,,,,SAP,0,           0.000,,TX0000000,,,0,0,,,,,,,,,
670,4500000188,10,,,05/18/2018,Harrisonium,HARRISONIUM-89,HARRISONIUM-89,US00,DL00,RM00,,RAW,5300000085.0,,0.0,         150.000,GM,GM,1,1,1,1,"   200,100.00",1,"  30,015,000.00","  30,000,000.00",00/00/0000,0,XI,,,C,X,,0,0,0,0,0.0,,0.0,,,,,X,,0,,,,,X,,X,,,,,0,00/00/0000,0.0,0,0,,,GM,,0.0,0.0,0.0,05/18/2018,F,"  30,015,000.00",,,,,,SAP,0,           0.000,,TX0000000,,,0,0,,,,,,,,,
670,4500000189,10,,,05/18/2018,Harrisonium,HARRISONIUM-89,HARRISONIUM-89,US00,DL00,RM00,,RAW,5300000146.0,,0.0,         100.000,GM,GM,1,1,1,1,"   200,100.00",1,"  20,010,000.00","  20,000,000.00",00/00/0000,0,,,,C,X,,0,0,0,0,0.0,,0.0,,,,,X,,0,K,V,,,X,,X,,,,,0,00/00/0000,0.0,0,0,,,GM,,0.0,0.0,0.0,05/18/2018,F,"  20,010,000.00",X,,,,,SAP,0,           0.000,,,,,0,0,,,,,,,,,
670,4500000190,10,,,05/18/2018,Vibranium,VIBRANIUM-052,VIBRANIUM-052,US00,DL00,RM00,,RAW,5300000147.0,,0.0,          10.000,LB,LB,1,1,1,1,"     1,000.00",1,"      10,000.00","      10,000.00",00/00/0000,0,,,,C,X,,0,0,0,0,0.0,,0.0,,,,,X,,0,K,V,,,X,,X,,,,,0,00/00/0000,0.0,0,0,,,LB,,0.0,0.0,0.0,05/18/2018,F,"      10,000.00",X,,,,,SAP,0,           0.000,,,,,0,0,,,,,,,,,
670,4500000191,10,,,05/18/2018,Vibranium,VIBRANIUM-052,VIBRANIUM-052,US00,DL00,RM00,,RAW,5300000148.0,,0.0,          15.000,LB,LB,1,1,1,1,"     1,050.00",1,"      15,750.00","      15,000.00",00/00/0000,0,,,,C,X,,0,0,0,0,0.0,,0.0,,,,,X,,0,,,,,X,,X,,,,,0,00/00/0000,0.0,0,0,,,LB,,0.0,0.0,0.0,05/18/2018,F,"      15,750.00",,,,,,SAP,0,           0.000,,,,,0,0,,,,,,,,,
670,4500000192,10,,,05/18/2018,Uranium,URANIUM-050,URANIUM-050,US00,DL00,RM00,,RAW,5300000113.0,,0.0,          10.000,KG,KG,1,1,1,1,        55.00,1,         550.00,         500.00,00/00/0000,0,XI,,,C,X,,0,0,0,0,0.0,,0.0,,,,,X,,0,,,,,X,,X,,,,,0,00/00/0000,0.0,0,0,,,KG,,0.0,0.0,0.0,05/18/2018,F,         550.00,,,,,,SAP,0,           0.000,,TX0000000,,,0,0,,,,,,,,,
670,4500000193,10,,,05/18/2018,Vibranium,VIBRANIUM-052,VIBRANIUM-052,US00,DL00,RM00,,RAW,5300000074.0,,0.0,           5.000,LB,LB,1,1,1,1,"     1,052.50",1,"       5,262.50","       5,000.00",00/00/0000,0,XI,,,C,X,,0,0,0,0,0.0,,0.0,,,,,X,,0,K,V,,,X,,X,,,,,0,00/00/0000,0.0,0,0,,,LB,,0.0,0.0,0.0,05/18/2018,F,"       5,262.50",X,,,,,SAP,0,           0.000,,TX0000000,,,0,0,,,,,,,,,
670,4500000194,10,,,05/18/2018,Uranium,URANIUM-050,URANIUM-050,US00,DL00,RM00,,RAW,5300000149.0,,0.0,          10.000,KG,KG,1,1,1,1,        55.00,1,         550.00,         500.00,00/00/0000,0,XI,,,C,X,,0,0,0,0,0.0,,0.0,,,,,X,,0,K,V,,,X,,X,,,,,0,00/00/0000,0.0,0,0,,,KG,,0.0,0.0,0.0,05/18/2018,F,         550.00,X,,,,,SAP,0,           0.000,,,,,0,0,,,,,,,,,
670,4500000195,10,,,00/00/0000,,,,US00,DL00,RM00,,,,,0.0,           0.000,,,0,0,0,0,         0.00,1,           0.00,           0.00,00/00/0000,0,,,,,X,,0,0,0,0,0.0,,0.0,,,,,,,0,,,,,X,,X,,,,,0,00/00/0000,0.0,0,0,,,,,0.0,0.0,0.0,05/18/2018,F,           0.00,,,,,,SAP,0,           0.000,,,,,0,0,,,,,,,,,
670,4500000196,10,,,05/18/2018,Kryptonite,KRYPTONITE-042,KRYPTONITE-042,US00,DL00,RM00,,RAW,5300000150.0,,0.0,          15.000,LB,LB,1,1,1,1,        50.00,1,         750.00,         750.00,00/00/0000,0,XI,,,C,X,,0,0,0,0,0.0,,0.0,,,,,X,,0,,,,,X,,X,,,,,0,00/00/0000,0.0,0,0,,,LB,,0.0,0.0,0.0,05/18/2018,F,         750.00,,,,,,SAP,0,           0.000,,TX0000000,,,0,0,,,,,,,,,
670,4500000197,10,,,05/18/2018,Harrisonium,HARRISONIUM-89,HARRISONIUM-89,US00,DL00,,,RAW,5300000112.0,,0.0,         105.000,GM,GM,1,1,1,1,"   200,100.00",1,"  21,010,500.00","  21,000,000.00",00/00/0000,0,XI,,,C,X,,0,0,0,0,0.0,,0.0,,,,,X,,0,,,,,X,,X,,,,,0,00/00/0000,0.0,0,0,,,GM,,0.0,0.0,0.0,05/18/2018,F,"  21,010,500.00",,,,,,SAP,0,           0.000,,TX0000000,,,0,0,,,,,,,,,
670,4500000198,10,,,05/18/2018,Vibranium,VIBRANIUM-052,VIBRANIUM-052,US00,DL00,RM00,,RAW,5300000074.0,,0.0,          15.000,LB,LB,1,1,1,1,"     1,052.50",1,"      15,787.50","      15,000.00",00/00/0000,0,XI,,,C,X,,0,0,0,0,0.0,,0.0,,,,,,,0,,,,,X,,X,,,,,0,00/00/0000,0.0,0,0,,,LB,,0.0,0.0,0.0,05/18/2018,F,"      15,787.50",,,,,,SAP,0,           0.000,,TX0000000,,,0,0,,,,,,,,,
670,4500000199,10,L,,05/18/2018,Harrisonium,HARRISONIUM-89,HARRISONIUM-89,US00,DL00,RM00,,RAW,5300000112.0,,0.0,         100.000,GM,GM,1,1,1,1,"   200,200.00",1,"  20,020,000.00","  20,000,000.00",00/00/0000,0,XI,,,C,X,,0,0,0,0,0.0,,0.0,,,,,,,0,,,,,X,,X,,,,,0,00/00/0000,0.0,0,0,,,GM,,0.0,0.0,0.0,05/18/2018,F,"  20,020,000.00",,,,,,SAP,0,           0.000,,TX0000000,,,0,0,,,,,,,,,
670,4500000200,10,,,05/18/2018,Harrisonium,HARRISONIUM-89,HARRISONIUM-89,US00,DL00,RM00,,RAW,5300000151.0,,0.0,         120.000,GM,GM,1,1,1,1,"   200,100.00",1,"  24,012,000.00","  24,000,000.00",00/00/0000,0,XI,,,C,X,,0,0,0,0,0.0,,0.0,,,,,X,,0,K,V,,,X,,X,,,,,0,00/00/0000,0.0,0,0,,,GM,,0.0,0.0,0.0,05/18/2018,F,"  24,012,000.00",X,,,,,SAP,0,           0.000,,TX0000000,,,0,0,,,,,,,,,
670,4500000201,10,,,05/18/2018,Vibranium,VIBRANIUM-052,VIBRANIUM-052,US00,DL00,RM00,,RAW,5300000074.0,,0.0,          15.000,LB,LB,1,1,1,1,"     1,052.50",1,"      15,787.50","      15,000.00",00/00/0000,0,XI,,,C,X,,0,0,0,0,0.0,,0.0,,,,,X,,0,,,,,X,,X,,,,,0,00/00/0000,0.0,0,0,,,LB,,0.0,0.0,0.0,05/18/2018,F,"      15,787.50",,,,,,SAP,0,           0.000,,TX0000000,,,0,0,,,,,,,,,
670,4500000202,10,,,05/18/2018,Harrisonium,HARRISONIUM-89,HARRISONIUM-89,US00,DL00,RM00,,RAW,5300000152.0,,0.0,          95.000,GM,GM,1,1,1,1,"   200,100.00",1,"  19,009,500.00","  19,000,000.00",00/00/0000,0,XI,,,C,X,,0,0,0,0,0.0,,0.0,,,,,X,,0,K,V,,,X,,X,,,,,0,00/00/0000,0.0,0,0,,,GM,,0.0,0.0,0.0,05/18/2018,F,"  19,009,500.00",X,,,,,SAP,0,           0.000,,TX0000000,,,0,0,,,,,,,,,
670,4500000203,10,,,05/18/2018,Harrisonium,HARRISONIUM-89,HARRISONIUM-89,US00,DL00,RM00,,RAW,5300000112.0,,0.0,          80.000,GM,GM,1,1,1,1,"   200,100.00",1,"  16,008,000.00","  16,000,000.00",00/00/0000,0,XI,,,C,X,,0,0,0,0,0.0,,0.0,,,,,X,,0,,,,,X,,X,,,,,0,00/00/0000,0.0,0,0,,,GM,,0.0,0.0,0.0,05/18/2018,F,"  16,008,000.00",,,,,,SAP,0,           0.000,,TX0000000,,,0,0,,,,,,,,,
670,4500000204,10,,,05/18/2018,Vibranium,VIBRANIUM-052,VIBRANIUM-052,US00,DL00,RM00,,RAW,5300000074.0,,0.0,          40.000,LB,LB,1,1,1,1,"     1,050.00",1,"      42,000.00","      40,000.00",00/00/0000,0,XI,,,C,X,,0,0,0,0,0.0,,0.0,,,,,X,,0,,,,,X,,X,,,,,0,00/00/0000,0.0,0,0,,,LB,,0.0,0.0,0.0,05/18/2018,F,"      42,000.00",,,,,,SAP,0,           0.000,,TX0000000,,,0,0,,,,,,,,,
670,4500000205,10,,,05/18/2018,Uranium,URANIUM-050,URANIUM-050,US00,DL00,RM00,,RAW,5300000153.0,,0.0,          50.000,KG,KG,1,1,1,1,       505.00,1,"      25,250.00","      25,000.00",00/00/0000,0,XI,,,C,X,,0,0,0,0,0.0,,0.0,,,,,X,,0,,,,,X,,X,,,,,0,00/00/0000,0.0,0,0,,,KG,,0.0,0.0,0.0,05/18/2018,F,"      25,250.00",,,,,,SAP,0,           0.000,,TX0000000,,,0,0,,,,,,,,,
670,4500000206,10,,,05/18/2018,Vibranium,VIBRANIUM-052,VIBRANIUM-052,US00,DL00,RM00,,RAW,5300000154.0,,0.0,          11.000,LB,LB,1,1,1,1,"     1,100.00",1,"      12,100.00","      11,550.00",00/00/0000,0,XI,,,C,X,,0,0,0,0,0.0,,0.0,,,,,X,,0,K,V,,,X,,X,,,,,0,00/00/0000,0.0,0,0,,,LB,,0.0,0.0,0.0,05/18/2018,F,"      12,100.00",X,,,,,SAP,0,           0.000,,TX0000000,,,0,0,,,,,,,,,
670,4500000207,10,,,05/18/2018,Harrisonium,HARRISONIUM-89,HARRISONIUM-89,US00,DL00,RM00,,RAW,5300000085.0,,0.0,         200.000,GM,GM,1,1,1,1,"   200,105.00",1,"  40,021,000.00","  40,000,000.00",00/00/0000,0,XI,,,C,X,,0,0,0,0,0.0,,0.0,,,,,X,,0,,,,,X,,X,,,,,0,00/00/0000,0.0,0,0,,,GM,,0.0,0.0,0.0,05/18/2018,F,"  40,021,000.00",,,,,,SAP,0,           0.000,,TX0000000,,,0,0,,,,,,,,,
670,4500000208,10,,,05/18/2018,Uranium,URANIUM-050,URANIUM-050,US00,DL00,,,RAW,5300000155.0,,0.0,          11.000,KG,KG,1,1,1,1,       605.00,1,"       6,655.00","       6,600.00",00/00/0000,0,XI,,,C,X,,0,0,0,0,0.0,,0.0,,,,,X,,0,,,,,X,,X,,,,,0,00/00/0000,0.0,0,0,,,KG,,0.0,0.0,0.0,05/18/2018,F,"       6,655.00",,,,,,SAP,0,           0.000,,TX0000000,,,0,0,,,,,,,,,
670,4500000209,10,,,05/18/2018,Harrisonium,HARRISONIUM-89,HARRISONIUM-89,US00,DL00,,,RAW,5300000085.0,,0.0,         105.000,GM,GM,1,1,1,1,"   200,110.00",1,"  21,011,550.00","  21,000,000.00",00/00/0000,0,XI,,,C,X,,0,0,0,0,0.0,,0.0,,,,,X,,0,,,,,X,,X,,,,,0,00/00/0000,0.0,0,0,,,GM,,0.0,0.0,0.0,05/18/2018,F,"  21,011,550.00",,,,,,SAP,0,           0.000,,TX0000000,,,0,0,,,,,,,,,
670,4500000210,10,,,05/18/2018,Vibranium,VIBRANIUM-052,VIBRANIUM-052,US00,DL00,RM00,,RAW,5300000156.0,,0.0,          15.000,LB,LB,1,1,1,1,"     1,100.00",1,"      16,500.00","      15,750.00",00/00/0000,0,XI,,,C,X,,0,0,0,0,0.0,,0.0,,,,,X,,0,K,V,,,X,,X,,,,,0,00/00/0000,0.0,0,0,,,LB,,0.0,0.0,0.0,05/18/2018,F,"      16,500.00",X,,,,,SAP,0,           0.000,,TX0000000,,,0,0,,,,,,,,,
670,4500000211,10,,,05/18/2018,Uranium,URANIUM-050,URANIUM-050,US00,DL00,RM00,,RAW,5300000157.0,,0.0,          12.000,KG,KG,1,1,1,1,        55.00,1,         660.00,         600.00,00/00/0000,0,XI,,,C,X,,0,0,0,0,0.0,,0.0,,,,,X,,0,K,V,,,X,,X,,,,,0,00/00/0000,0.0,0,0,,,KG,,0.0,0.0,0.0,05/18/2018,F,         660.00,X,,,,,SAP,0,           0.000,,TX0000000,,,0,0,,,,,,,,,
670,4500000212,10,,,05/18/2018,Vibranium,VIBRANIUM-052,VIBRANIUM-052,US00,DL00,RM00,,RAW,5300000103.0,,0.0,         120.000,LB,LB,1,1,1,1,"     1,550.00",1,"     186,000.00","     126,000.00",00/00/0000,0,XI,,,C,X,,0,0,0,0,0.0,,0.0,,,,,X,,0,,,,,X,,X,,,,,0,00/00/0000,0.0,0,0,,,LB,,0.0,0.0,0.0,05/18/2018,F,"     186,000.00",,,,,,SAP,0,           0.000,,TX0000000,,,0,0,,,,,,,,,
670,4500000213,10,,,05/18/2018,Vibranium,VIBRANIUM-052,VIBRANIUM-052,US00,DL00,RM00,,RAW,5300000158.0,,0.0,           8.000,LB,LB,1,1,1,1,"     1,050.00",1,"       8,400.00","       8,000.00",00/00/0000,0,XI,,,C,X,,0,0,0,0,0.0,,0.0,,,,,X,,0,K,V,,,X,,X,,,,,0,00/00/0000,0.0,0,0,,,LB,,0.0,0.0,0.0,05/18/2018,F,"       8,400.00",X,,,,,SAP,0,           0.000,,TX0000000,,,0,0,,,,,,,,,
670,4500000214,10,,,05/18/2018,Uranium,URANIUM-050,URANIUM-050,US00,DL00,RM00,,RAW,5300000159.0,,0.0,         130.000,KG,KG,1,1,1,1,        55.00,1,"       7,150.00","       6,500.00",00/00/0000,0,XI,,,C,X,,0,0,0,0,0.0,,0.0,,,,,X,,0,,,,,X,,X,,,,,0,00/00/0000,0.0,0,0,,,KG,,0.0,0.0,0.0,05/18/2018,F,"       7,150.00",,,,,,SAP,0,           0.000,,TX0000000,,,0,0,,,,,,,,,
670,4500000215,10,,,05/18/2018,Harrisonium,HARRISONIUM-89,HARRISONIUM-89,US00,DL00,RM00,,RAW,5300000085.0,,0.0,          98.000,GM,GM,1,1,1,1,"   200,105.00",1,"  19,610,290.00","  19,600,000.00",00/00/0000,0,XI,,,C,X,,0,0,0,0,0.0,,0.0,,,,,X,,0,K,V,,,X,,X,,,,,0,00/00/0000,0.0,0,0,,,GM,,0.0,0.0,0.0,05/18/2018,F,"  19,610,290.00",X,,,,,SAP,0,           0.000,,TX0000000,,,0,0,,,,,,,,,
670,4500000216,10,,,05/18/2018,Vibranium,VIBRANIUM-052,VIBRANIUM-052,US00,DL00,RM00,,RAW,5300000160.0,,0.0,         120.000,LB,LB,1,1,1,1,"     1,050.00",1,"     126,000.00","     120,000.00",00/00/0000,0,XI,,,C,X,,0,0,0,0,0.0,,0.0,,,,,X,,0,K,V,,,X,,X,,,,,0,00/00/0000,0.0,0,0,,,LB,,0.0,0.0,0.0,05/18/2018,F,"     126,000.00",X,,,,,SAP,0,           0.000,,TX0000000,,,0,0,,,,,,,,,
670,4500000217,10,,,05/18/2018,Uranium,URANIUM-050,URANIUM-050,US00,DL00,RM00,,RAW,5300000161.0,,0.0,         120.000,KG,KG,1,1,1,1,        55.00,1,"       6,600.00","       6,000.00",00/00/0000,0,XI,,,C,X,,0,0,0,0,0.0,,0.0,,,,,X,,0,K,V,,,X,,X,,,,,0,00/00/0000,0.0,0,0,,,KG,,0.0,0.0,0.0,05/18/2018,F,"       6,600.00",X,,,,,SAP,0,           0.000,,TX0000000,,,0,0,,,,,,,,,
670,4500000218,10,,,05/18/2018,Harrisonium,HARRISONIUM-89,HARRISONIUM-89,US00,DL00,RM00,,RAW,5300000162.0,,0.0,         115.000,GM,GM,1,1,1,1,"   200,105.00",1,"  23,012,075.00","  23,000,000.00",00/00/0000,0,XI,,,C,X,,0,0,0,0,0.0,,0.0,,,,,,,0,,,,,X,,X,,,,,0,00/00/0000,0.0,0,0,,,GM,,0.0,0.0,0.0,05/18/2018,F,"  23,012,075.00",,,,,,SAP,0,           0.000,,TX0000000,,,0,0,,,,,,,,,
670,4500000219,10,,,05/18/2018,Harrisonium,HARRISONIUM-89,HARRISONIUM-89,US00,DL00,RM00,,RAW,5300000085.0,,0.0,         115.000,GM,GM,1,1,1,1,"   200,105.00",1,"  23,012,075.00","  23,000,000.00",00/00/0000,0,XI,,,C,X,,0,0,0,0,0.0,,0.0,,,,,X,,0,,,,,X,,X,,,,,0,00/00/0000,0.0,0,0,,,GM,,0.0,0.0,0.0,05/18/2018,F,"  23,012,075.00",,,,,,SAP,0,           0.000,,TX0000000,,,0,0,,,,,,,,,
670,4500000220,10,,,05/18/2018,Uranium,URANIUM-050,URANIUM-050,US00,DL00,RM00,,RAW,5300000070.0,,0.0,         120.000,KG,KG,1,1,1,1,        55.51,1,"       6,661.20","       6,000.00",00/00/0000,0,XI,,,C,X,,0,0,0,0,0.0,,0.0,,,,,X,,0,K,V,,,X,,X,,,,,0,00/00/0000,0.0,0,0,,,KG,,0.0,0.0,0.0,05/18/2018,F,"       6,661.20",X,,,,,SAP,0,           0.000,,TX0000000,,,0,0,,,,,,,,,
670,4500000221,10,,,05/18/2018,Harrisonium,HARRISONIUM-89,HARRISONIUM-89,US00,DL00,RM00,,RAW,5300000163.0,,0.0,         110.000,GM,GM,1,1,1,1,"   200,100.00",1,"  22,011,000.00","  22,000,000.00",00/00/0000,0,XI,,,C,X,,0,0,0,0,0.0,,0.0,,,,,X,,0,,,,,X,,X,,,,,0,00/00/0000,0.0,0,0,,,GM,,0.0,0.0,0.0,05/18/2018,F,"  22,011,000.00",,,,,,SAP,0,           0.000,,TX0000000,,,0,0,,,,,,,,,
670,4500000222,10,,,05/18/2018,Vibranium,VIBRANIUM-052,VIBRANIUM-052,US00,DL00,RM00,,RAW,5300000164.0,,0.0,         110.000,LB,LB,1,1,1,1,"     1,050.00",1,"     115,500.00","     110,000.00",00/00/0000,0,XI,,,C,X,,0,0,0,0,0.0,,0.0,,,,,X,,0,,,,,X,,X,,,,,0,00/00/0000,0.0,0,0,,,LB,,0.0,0.0,0.0,05/18/2018,F,"     115,500.00",,,,,,SAP,0,           0.000,,TX0000000,,,0,0,,,,,,,,,
670,4500000223,10,,,05/18/2018,Vibranium,VIBRANIUM-052,VIBRANIUM-052,US00,DL00,,,RAW,5300000074.0,,0.0,          15.000,LB,LB,1,1,1,1,"     1,050.00",1,"      15,750.00","      15,000.00",00/00/0000,0,XI,,,C,X,,0,0,0,0,0.0,,0.0,,,,,X,,0,,,,,X,,X,,,,,0,00/00/0000,0.0,0,0,,,LB,,0.0,0.0,0.0,05/18/2018,F,"      15,750.00",,,,,,SAP,0,           0.000,,TX0000000,,,0,0,,,,,,,,,
670,4500000224,10,,,05/18/2018,Harrisonium,HARRISONIUM-89,HARRISONIUM-89,US00,DL00,,,RAW,5300000165.0,,0.0,          10.000,GM,GM,1,1,1,1,"   200,100.00",1,"   2,001,000.00","   2,000,000.00",00/00/0000,0,XI,,,C,X,,0,0,0,0,0.0,,0.0,,,,,X,,0,,,,,X,,X,,,,,0,00/00/0000,0.0,0,0,,,GM,,0.0,0.0,0.0,05/18/2018,F,"   2,001,000.00",,,,,,SAP,0,           0.000,,TX0000000,,,0,0,,,,,,,,,
670,4500000225,10,,,05/18/2018,Vibranium,VIBRANIUM-052,VIBRANIUM-052,US00,DL00,,,RAW,5300000166.0,,0.0,           1.000,LB,LB,1,1,1,1,"     1,050.00",1,"       1,050.00","       1,000.00",00/00/0000,0,XI,,,C,X,,0,0,0,0,0.0,,0.0,,,,,X,,0,,,,,X,,X,,,,,0,00/00/0000,0.0,0,0,,,LB,,0.0,0.0,0.0,05/18/2018,F,"       1,050.00",,,,,,SAP,0,           0.000,,TX0000000,,,0,0,,,,,,,,,
670,4500000226,10,,,05/18/2018,Uranium,URANIUM-050,URANIUM-050,US00,DL00,,,RAW,5300000167.0,,0.0,           1.000,KG,KG,1,1,1,1,        55.00,1,          55.00,          50.00,00/00/0000,0,XI,,,C,X,,0,0,0,0,0.0,,0.0,,,,,X,,0,,,,,X,,X,,,,,0,00/00/0000,0.0,0,0,,,KG,,0.0,0.0,0.0,05/18/2018,F,          55.00,,,,,,SAP,0,           0.000,,TX0000000,,,0,0,,,,,,,,,
670,4500000227,10,,,05/18/2018,Harrisonium,HARRISONIUM-89,HARRISONIUM-89,US00,DL00,,,RAW,5300000165.0,,0.0,          10.000,GM,GM,1,1,1,1,"   200,100.00",1,"   2,001,000.00","   2,000,000.00",00/00/0000,0,,,,C,X,,0,0,0,0,0.0,,0.0,,,,,,,0,,,,,X,,X,,,,,0,00/00/0000,0.0,0,0,,,GM,,0.0,0.0,0.0,05/18/2018,F,"   2,001,000.00",,,,,,SAP,0,           0.000,,,,,0,0,,,,,,,,,
670,4500000228,10,,,05/18/2018,Harrisonium,HARRISONIUM-89,HARRISONIUM-89,US00,DL00,,,RAW,5300000085.0,,0.0,         100.000,GM,GM,1,1,1,1,"   200,100.00",1,"  20,010,000.00","  20,000,000.00",00/00/0000,0,XI,,,C,X,,0,0,0,0,0.0,,0.0,,,,,,,0,K,V,,,X,,X,,,,,0,00/00/0000,0.0,0,0,,,GM,,0.0,0.0,0.0,05/18/2018,F,"  20,010,000.00",X,,,,,SAP,0,           0.000,,,,,0,0,,,,,,,,,
670,4500000229,10,,,05/18/2018,Harrisonium,HARRISONIUM-89,HARRISONIUM-89,US00,DL00,RM00,,RAW,5300000085.0,,0.0,         100.000,GM,GM,1,1,1,1,"   200,100.00",1,"  20,010,000.00","  20,000,000.00",00/00/0000,0,XI,,,C,X,,0,0,0,0,0.0,,0.0,,,,,X,,0,K,V,,,X,,X,,,,,0,00/00/0000,0.0,0,0,,,GM,,0.0,0.0,0.0,05/18/2018,F,"  20,010,000.00",X,,,,,SAP,0,           0.000,,TX0000000,,,0,0,,,,,,,,,
670,4500000230,10,,,05/18/2018,Harrisonium,HARRISONIUM-89,HARRISONIUM-89,US00,DL00,,,RAW,5300000085.0,,0.0,          10.000,GM,GM,1,1,1,1,"   200,105.00",1,"   2,001,050.00","   2,000,000.00",00/00/0000,0,XI,,,C,X,,0,0,0,0,0.0,,0.0,,,,,X,,0,,,,,X,,X,,,,,0,00/00/0000,0.0,0,0,,,GM,,0.0,0.0,0.0,05/18/2018,F,"   2,001,050.00",,,,,,SAP,0,           0.000,,TX0000000,,,0,0,,,,,,,,,
670,4500000231,10,,,05/18/2018,Vibranium,VIBRANIUM-052,VIBRANIUM-052,US00,DL00,RM00,,RAW,5300000168.0,,0.0,         120.000,LB,LB,1,1,1,1,"     1,050.00",1,"     126,000.00","     120,000.00",00/00/0000,0,XI,,,C,X,,0,0,0,0,0.0,,0.0,,,,,X,,0,,,,,X,,X,,,,,0,00/00/0000,0.0,0,0,,,LB,,0.0,0.0,0.0,05/18/2018,F,"     126,000.00",,,,,,SAP,0,           0.000,,TX0000000,,,0,0,,,,,,,,,
670,4500000232,10,,,05/21/2018,Touring Tire,TRTR1001,TRTR1001,US00,DL00,,,RAW,5300000169.0,,0.0,"       1,700.000",EA,EA,1,1,1,1,        10.00,1,"      17,000.00","      17,000.00",00/00/0000,0,XI,,,C,X,,0,0,0,0,0.0,,0.0,,,,,X,,0,,,,,X,,X,,,,,0,00/00/0000,0.0,0,0,,,EA,,0.0,0.0,0.0,05/21/2018,F,"      17,000.00",,,,,,SAP,1,         600.000,G,TX0000000,,,0,0,,,,,,,,,
670,4500000232,20,,,05/21/2018,Touring Aluminum Wheel,TRWH1001,TRWH1001,US00,DL00,,,RAW,5300000170.0,,0.0,"       1,800.000",EA,EA,1,1,1,1,        95.00,1,"     171,000.00","     171,000.00",00/00/0000,0,XI,,,C,X,,0,0,0,0,0.0,,0.0,,,,,X,,0,M,,,,X,,X,,,,,0,00/00/0000,0.0,0,0,,,EA,,0.0,0.0,0.0,05/21/2018,F,"     171,000.00",,,,,,SAP,1,"       1,900.000",G,TX0000000,,E,0,0,,,,,,,,,
670,4500000232,30,,,05/21/2018,Touring Tube,TRTB1001,TRTB1001,US00,DL00,,,RAW,5300000171.0,,0.0,"       1,700.000",EA,EA,1,1,1,1,         5.00,1,"       8,500.00","       8,500.00",00/00/0000,0,XI,,,C,X,,0,0,0,0,0.0,,0.0,,,,,X,,0,M,,,,X,,X,,,,,0,00/00/0000,0.0,0,0,,,EA,,0.0,0.0,0.0,05/21/2018,F,"       8,500.00",,,,,,SAP,1,         120.000,G,TX0000000,,E,0,0,,,,,,,,,
670,4500000232,40,,,05/21/2018,Lock Washer 5 mm,LWSH1001,LWSH1001,US00,DL00,,,RAW,5300000172.0,,0.0,"       1,800.000",EA,EA,1,1,1,1,         0.05,1,          90.00,          90.00,00/00/0000,0,XI,,,C,X,,0,0,0,0,0.0,,0.0,,,,,X,,0,M,,,,X,,X,,,,,0,00/00/0000,0.0,0,0,,,EA,,0.0,0.0,0.0,05/21/2018,F,          90.00,,,,,,SAP,1,          15.000,G,TX0000000,,E,0,0,,,,,,,,,
670,4500000232,50,,,05/21/2018,Hex Nut 5 mm,HXNT1001,HXNT1001,US00,DL00,,,RAW,5300000173.0,,0.0,"       2,000.000",EA,EA,1,1,1,1,         0.10,1,         200.00,         200.00,00/00/0000,0,XI,,,C,X,,0,0,0,0,0.0,,0.0,,,,,X,,0,M,,,,X,,X,,,,,0,00/00/0000,0.0,0,0,,,EA,,0.0,0.0,0.0,05/21/2018,F,         200.00,,,,,,SAP,1,          40.000,G,TX0000000,,E,0,0,,,,,,,,,
670,4500000232,60,,,05/21/2018,Socket Head Bolt 5x20mm,BOLT1001,BOLT1001,US00,DL00,,,RAW,5300000174.0,,0.0,"       2,000.000",EA,EA,1,1,1,1,         0.10,1,         200.00,         200.00,00/00/0000,0,XI,,,C,X,,0,0,0,0,0.0,,0.0,,,,,X,,0,M,,,,X,,X,,,,,0,00/00/0000,0.0,0,0,,,EA,,0.0,0.0,0.0,05/21/2018,F,         200.00,,,,,,SAP,1,          20.000,G,TX0000000,,E,0,0,,,,,,,,,
670,4500000233,10,,,05/21/2018,Deluxe Touring Bike (black),DXTR1001,DXTR1001,US00,SD00,FG00,,BIKES,,,0.0,         150.000,EA,EA,1,1,1,1,         0.00,1,           0.00,           0.00,00/00/0000,0,,,,,,,0,0,0,0,0.0,,0.0,,,,,X,,7,,,,,X,,,,,,,0,00/00/0000,0.0,0,0,,,EA,,0.0,0.0,0.0,05/21/2018,F,           0.00,,,,,,SAP,0,"       8,510.000",G,,,,0,0,,,,,,,,,
