MANDT,MBLNR,MJAHR,VGART,BLART,BLAUM,BLDAT,BUDAT,CPUDT,CPUTM,AEDAT,USNAM,TCODE,XBLNR,BKTXT,FRATH,FRBNR,WEVER,XABLN,AWSYS,BLA2D,TCODE2,BFWMS,EXNUM,SPE_BUDAT_UHR,SPE_BUDAT_ZONE,LE_VBELN,SPE_LOGSYS,SPE_MDNUM_EWM,GTS_CUSREF_NO,FLS_RSTO,MSR_ACTIVE,KNUMV
375,5000000010,2017,WE,WE,PR,1/24/17,1/24/17,1/24/17,10:07:38 AM,,GBI-085,,,,0,,1,,CAICLNT375,,MIGO_GR,,,12:00:00 AM,,,,,,,,
375,5000000011,2017,WE,WE,PR,1/25/17,1/25/17,1/25/17,10:10:20 AM,,GBI-085,,,,0,,1,,CAICLNT375,,MIGO_GR,,,12:00:00 AM,,,,,,,,
375,5000000012,2017,WE,WE,PR,1/26/17,1/26/17,1/26/17,10:11:53 AM,,GBI-085,,,,0,,1,,CAICLNT375,,MIGO_GR,,,12:00:00 AM,,,,,,,,
375,5000000013,2017,WE,WE,PR,1/27/17,1/27/17,1/27/17,10:30:26 AM,,GBI-085,,,,0,,1,,CAICLNT375,,MIGO_GR,,,12:00:00 AM,,,,,,,,
375,5000000014,2017,WE,WE,PR,1/28/17,1/28/17,1/28/17,11:50:30 AM,,GBI-085,,,,0,,1,,CAICLNT375,,MIGO_GR,,,12:00:00 AM,,,,,,,,
375,5000000015,2017,WE,WE,PR,1/29/17,1/29/17,1/29/17,3:37:46 PM,,GBIFAC-01,,,,0,,1,,CAICLNT375,,MIGO_GR,,,12:00:00 AM,,,,,,,,
375,5000000016,2017,WE,WE,PR,1/30/17,1/30/17,1/30/17,6:51:53 PM,,GBI-022,,,,0,,1,,CAICLNT375,,MIGO_GR,,,12:00:00 AM,,,,,,,,
375,5000000017,2017,WE,WE,PR,1/31/17,1/31/17,1/31/17,2:37:52 PM,,GBI-032,,,,0,,1,,CAICLNT375,,MIGO_GR,,,12:00:00 AM,,,,,,,,
375,5000000018,2017,WE,WE,PR,2/1/17,2/1/17,2/1/17,2:53:51 PM,,GBI-005,,,,0,,1,,CAICLNT375,,MIGO_GR,,,12:00:00 AM,,,,,,,,
375,5000000019,2017,WE,WE,PR,2/2/17,2/2/17,2/2/17,2:28:37 PM,,GBI-057,,,,0,,1,,CAICLNT375,,MIGO_GR,,,12:00:00 AM,,,,,,,,
375,5000000020,2017,WE,WE,PR,2/3/17,2/3/17,2/3/17,5:54:10 PM,,GBIFAC-01,,,,0,,1,,CAICLNT375,,MIGO_GR,,,12:00:00 AM,,,,,,,,
375,5000000021,2017,WE,WE,PR,2/4/17,2/4/17,2/4/17,7:49:37 PM,,GBI-055,,,,0,,1,,CAICLNT375,,MIGO_GR,,,12:00:00 AM,,,,,,,,
375,5000000022,2017,WE,WE,PR,2/5/17,2/5/17,2/5/17,6:23:10 PM,,GBI-016,,,,0,,1,,CAICLNT375,,MIGO_GR,,,12:00:00 AM,,,,,,,,
375,5000000023,2017,WE,WE,PR,2/6/17,2/6/17,2/6/17,10:52:27 PM,,GBI-029,,,,0,,1,,CAICLNT375,,MIGO_GR,,,12:00:00 AM,,,,,,,,
375,5000000024,2017,WE,WE,PR,2/7/17,2/7/17,2/7/17,12:47:55 AM,,GBI-046,,,,0,,1,,CAICLNT375,,MIGO_GR,,,12:00:00 AM,,,,,,,,
375,5000000025,2017,WE,WE,PR,2/8/17,2/8/17,2/8/17,10:27:28 AM,,GBI-039,,,,0,,1,,CAICLNT375,,MIGO_GR,,,12:00:00 AM,,,,,,,,
375,5000000026,2017,WE,WE,PR,2/9/17,2/9/17,2/9/17,3:57:05 PM,,GBI-019,,,,0,,1,,CAICLNT375,,MIGO_GR,,,12:00:00 AM,,,,,,,,
375,5000000027,2017,WE,WE,PR,2/10/17,2/10/17,2/10/17,3:57:13 PM,,GBI-018,,,,0,,1,,CAICLNT375,,MIGO_GR,,,12:00:00 AM,,,,,,,,
375,5000000028,2017,WE,WE,PR,2/11/17,2/11/17,2/11/17,7:01:10 PM,,GBI-017,,,,0,,1,,CAICLNT375,,MIGO_GR,,,12:00:00 AM,,,,,,,,
375,5000000029,2017,WE,WE,PR,2/12/17,2/12/17,2/12/17,12:58:59 PM,,GBI-024,,,,0,,1,,CAICLNT375,,MIGO_GR,,,12:00:00 AM,,,,,,,,
375,5000000030,2017,WE,WE,PR,2/13/17,2/13/17,2/13/17,6:37:14 PM,,GBI-015,,,,0,,1,,CAICLNT375,,MIGO_GR,,,12:00:00 AM,,,,,,,,
375,5000000031,2017,WE,WE,PR,2/14/17,2/14/17,2/14/17,8:47:17 PM,,GBI-015,,,,0,,1,,CAICLNT375,,MIGO_GR,,,12:00:00 AM,,,,,,,,
375,5000000032,2017,WE,WE,PR,2/15/17,2/15/17,2/15/17,8:56:54 PM,,GBI-010,,,,0,,1,,CAICLNT375,,MIGO_GR,,,12:00:00 AM,,,,,,,,
375,5000000033,2017,WE,WE,PR,2/16/17,2/16/17,2/16/17,8:59:19 PM,,GBI-011,,,,0,,1,,CAICLNT375,,MIGO_GR,,,12:00:00 AM,,,,,,,,
375,5000000034,2017,WE,WE,PR,2/17/17,2/17/17,2/17/17,3:33:28 PM,,GBI-040,,,,0,,1,,CAICLNT375,,MIGO_GR,,,12:00:00 AM,,,,,,,,
375,5000000035,2017,WE,WE,PR,2/18/17,2/18/17,2/18/17,1:46:08 PM,,GBI-050,,,,0,,1,,CAICLNT375,,MIGO_GR,,,12:00:00 AM,,,,,,,,
375,5000000036,2017,WE,WE,PR,2/19/17,2/19/17,2/19/17,3:57:10 PM,,GBI-035,,,,0,,1,,CAICLNT375,,MIGO_GR,,,12:00:00 AM,,,,,,,,
375,5000000037,2017,WE,WE,PR,2/20/17,2/20/17,2/20/17,4:13:45 PM,,GBI-027,,,,0,,1,,CAICLNT375,,MIGO_GR,,,12:00:00 AM,,,,,,,,
375,5000000038,2017,WE,WE,PR,2/21/17,2/21/17,2/21/17,5:02:34 PM,,GBI-020,,,,0,,1,,CAICLNT375,,MIGO_GR,,,12:00:00 AM,,,,,,,,
375,5000000039,2017,WE,WE,PR,2/22/17,2/22/17,2/22/17,5:42:18 PM,,GBI-014,,,,0,,1,,CAICLNT375,,MIGO_GR,,,12:00:00 AM,,,,,,,,
375,5000000040,2017,WE,WE,PR,2/23/17,2/23/17,2/23/17,6:43:16 PM,,GBI-050,,,,0,,1,,CAICLNT375,,MIGO_GR,,,12:00:00 AM,,,,,,,,
375,5000000041,2017,WE,WE,PR,2/24/17,2/24/17,2/24/17,11:02:36 PM,,GBI-021,,,,0,,1,,CAICLNT375,,MIGO_GR,,,12:00:00 AM,,,,,,,,
375,5000000042,2017,WE,WE,PR,2/25/17,2/25/17,2/25/17,11:19:11 PM,,GBI-012,,,,0,,1,,CAICLNT375,,MIGO_GR,,,12:00:00 AM,,,,,,,,
375,5000000043,2017,WE,WE,PR,2/26/17,2/26/17,2/26/17,1:20:17 PM,,GBI-034,,,,0,,1,,CAICLNT375,,MIGO_GR,,,12:00:00 AM,,,,,,,,
375,5000000044,2017,WE,WE,PR,2/27/17,2/27/17,2/27/17,1:29:12 PM,,GBI-025,,,,0,,1,,CAICLNT375,,MIGO_GR,,,12:00:00 AM,,,,,,,,
375,5000000045,2017,WE,WE,PR,2/28/17,2/28/17,2/28/17,1:35:54 PM,,GBI-059,,,,0,,1,,CAICLNT375,,MIGO_GR,,,12:00:00 AM,,,,,,,,
375,5000000046,2017,WE,WE,PR,3/1/17,3/1/17,3/1/17,2:03:11 PM,,GBI-059,,,,0,,1,,CAICLNT375,,MIGO_GR,,,12:00:00 AM,,,,,,,,
375,5000000047,2017,WE,WE,PR,3/2/17,3/2/17,3/2/17,2:25:49 PM,,GBI-062,,,,0,,1,,CAICLNT375,,MIGO_GR,,,12:00:00 AM,,,,,,,,
375,5000000048,2017,WE,WE,PR,3/3/17,3/3/17,3/3/17,2:53:06 PM,,GBI-027,,,,0,,1,,CAICLNT375,,MIGO_GR,,,12:00:00 AM,,,,,,,,
375,5000000049,2017,WE,WE,PR,3/4/17,3/4/17,3/4/17,3:49:34 PM,,GBI-058,,,,0,,1,,CAICLNT375,,MIGO_GR,,,12:00:00 AM,,,,,,,,
375,5000000050,2017,WE,WE,PR,3/5/17,3/5/17,3/5/17,4:47:53 PM,,GBI-036,,,,0,,1,,CAICLNT375,,MIGO_GR,,,12:00:00 AM,,,,,,,,
375,5000000051,2017,WE,WE,PR,3/6/17,3/6/17,3/6/17,4:52:26 PM,,GBI-064,,,,0,,1,,CAICLNT375,,MIGO_GR,,,12:00:00 AM,,,,,,,,
375,5000000052,2017,WE,WE,PR,3/7/17,3/7/17,3/7/17,5:55:39 PM,,GBI-065,,,,0,,1,,CAICLNT375,,MIGO_GR,,,12:00:00 AM,,,,,,,,
375,5000000053,2017,WE,WE,PR,3/8/17,3/8/17,3/8/17,6:08:07 PM,,GBI-058,,,,0,,1,,CAICLNT375,,MIGO_GR,,,12:00:00 AM,,,,,,,,
375,5000000054,2017,WE,WE,PR,3/9/17,3/9/17,3/9/17,6:15:10 PM,,GBI-041,,,,0,,1,,CAICLNT375,,MIGO_GR,,,12:00:00 AM,,,,,,,,
375,5000000055,2017,WE,WE,PR,3/10/17,3/10/17,3/10/17,6:48:08 PM,,GBI-065,,,,0,,1,,CAICLNT375,,MIGO_GR,,,12:00:00 AM,,,,,,,,
375,5000000056,2017,WE,WE,PR,3/11/17,3/11/17,3/11/17,7:33:49 PM,,GBI-047,,,,0,,1,,CAICLNT375,,MIGO_GR,,,12:00:00 AM,,,,,,,,
375,5000000057,2017,WE,WE,PR,3/12/17,3/12/17,3/12/17,8:08:05 PM,,GBI-025,,,,0,,1,,CAICLNT375,,MIGO_GR,,,12:00:00 AM,,,,,,,,
375,5000000058,2017,WE,WE,PR,3/13/17,3/13/17,3/13/17,8:11:26 PM,,GBI-056,,,,0,,1,,CAICLNT375,,MIGO_GR,,,12:00:00 AM,,,,,,,,
375,5000000059,2017,WE,WE,PR,3/14/17,3/14/17,3/14/17,8:12:51 PM,,GBI-030,,,,0,,1,,CAICLNT375,,MIGO_GR,,,12:00:00 AM,,,,,,,,
375,5000000060,2017,WE,WE,PR,3/15/17,3/15/17,3/15/17,8:12:58 PM,,GBI-052,,,,0,,1,,CAICLNT375,,MIGO_GR,,,12:00:00 AM,,,,,,,,
375,5000000061,2017,WE,WE,PR,3/16/17,3/16/17,3/16/17,8:24:27 PM,,GBI-044,,,,0,,1,,CAICLNT375,,MIGO_GR,,,12:00:00 AM,,,,,,,,
375,5000000062,2017,WE,WE,PR,3/17/17,3/17/17,3/17/17,8:54:24 PM,,GBI-023,,,,0,,1,,CAICLNT375,,MIGO_GR,,,12:00:00 AM,,,,,,,,
375,5000000063,2017,WE,WE,PR,3/18/17,3/18/17,3/18/17,9:12:40 PM,,GBI-051,,,,0,,1,,CAICLNT375,,MIGO_GR,,,12:00:00 AM,,,,,,,,
375,5000000064,2017,WE,WE,PR,3/19/17,3/19/17,3/19/17,9:16:33 PM,,GBI-049,,,,0,,1,,CAICLNT375,,MIGO_GR,,,12:00:00 AM,,,,,,,,
375,5000000065,2017,WE,WE,PR,3/20/17,3/20/17,3/20/17,10:11:01 PM,,GBI-042,,,,0,,1,,CAICLNT375,,MIGO_GR,,,12:00:00 AM,,,,,,,,
375,5000000066,2017,WE,WE,PR,3/21/17,3/21/17,3/21/17,10:51:17 PM,,GBI-054,,,,0,,1,,CAICLNT375,,MIGO_GR,,,12:00:00 AM,,,,,,,,
375,5000000067,2017,WE,WE,PR,3/22/17,3/22/17,3/22/17,11:25:16 PM,,GBI-037,,,,0,,1,,CAICLNT375,,MIGO_GR,,,12:00:00 AM,,,,,,,,
375,5000000068,2017,WE,WE,PR,3/23/17,3/23/17,3/23/17,11:37:02 PM,,GBI-008,,,,0,,1,,CAICLNT375,,MIGO_GR,,,12:00:00 AM,,,,,,,,
375,5000000069,2017,WE,WE,PR,3/24/17,3/24/17,3/24/17,12:28:07 AM,,GBI-038,,,,0,,1,,CAICLNT375,,MIGO_GR,,,12:00:00 AM,,,,,,,,
375,5000000070,2017,WE,WE,PR,3/25/17,3/25/17,3/25/17,1:07:54 AM,,GBI-061,,,,0,,1,,CAICLNT375,,MIGO_GR,,,12:00:00 AM,,,,,,,,
375,5000000071,2017,WE,WE,PR,3/26/17,3/26/17,3/26/17,1:20:37 AM,,GBI-058,,,,0,,1,,CAICLNT375,,MIGO_GR,,,12:00:00 AM,,,,,,,,
375,5000000072,2017,WE,WE,PR,3/27/17,3/27/17,3/27/17,4:06:40 AM,,GBI-037,,,,0,,1,,CAICLNT375,,MIGO_GR,,,12:00:00 AM,,,,,,,,
375,5000000073,2017,WE,WE,PR,3/28/17,3/28/17,3/28/17,9:33:16 AM,,GBI-043,,,,0,,1,,CAICLNT375,,MIGO_GR,,,12:00:00 AM,,,,,,,,
375,5000000074,2017,WE,WE,PR,3/29/17,3/29/17,3/29/17,10:29:15 AM,,GBI-026,,,,0,,1,,CAICLNT375,,MIGO_GR,,,12:00:00 AM,,,,,,,,
375,5000000075,2017,WE,WE,PR,3/30/17,3/30/17,3/30/17,10:35:45 AM,,GBI-031,,,,0,,1,,CAICLNT375,,MIGO_GR,,,12:00:00 AM,,,,,,,,
375,5000000076,2017,WE,WE,PR,3/31/17,3/31/17,3/31/17,10:39:17 AM,,GBI-053,,,,0,,1,,CAICLNT375,,MIGO_GR,,,12:00:00 AM,,,,,,,,
375,5000000077,2017,WE,WE,PR,4/1/17,4/1/17,4/1/17,10:49:29 AM,,GBI-013,,,,0,,1,,CAICLNT375,,MIGO_GR,,,12:00:00 AM,,,,,,,,
375,5000000078,2017,WE,WE,PR,4/2/17,4/2/17,4/2/17,11:09:09 AM,,GBI-048,,,,0,,1,,CAICLNT375,,MIGO_GR,,,12:00:00 AM,,,,,,,,
375,5000000079,2017,WE,WE,PR,4/3/17,4/3/17,4/3/17,4:26:43 PM,,GBI-045,,,,0,,1,,CAICLNT375,,MIGO_GR,,,12:00:00 AM,,,,,,,,
375,5000000080,2017,WE,WE,PR,4/4/17,4/4/17,4/4/17,4:27:13 PM,,GBI-033,,,,0,,1,,CAICLNT375,,MIGO_GR,,,12:00:00 AM,,,,,,,,
375,5000000081,2017,WE,WE,PR,4/5/17,4/5/17,4/5/17,12:22:55 AM,,GBI-060,,,,0,,1,,CAICLNT375,,MIGO_GR,,,12:00:00 AM,,,,,,,,
375,5000000082,2017,WE,WE,PR,4/6/17,4/6/17,4/6/17,7:14:17 PM,,GBI-029,,,,0,,1,,CAICLNT375,,MIGO_GR,,,12:00:00 AM,,,,,,,,
375,5000000083,2017,WE,WE,PR,4/7/17,4/7/17,4/7/17,2:47:23 PM,,GBI-009,,,,0,,1,,CAICLNT375,,MIGO_GR,,,12:00:00 AM,,,,,,,,
375,5000000084,2017,WE,WE,PR,4/8/17,4/8/17,4/8/17,5:00:12 PM,,GBI-011,,,,0,,1,,CAICLNT375,,MIGO_GR,,,12:00:00 AM,,,,,,,,
375,5000000085,2017,WE,WE,PR,4/9/17,4/9/17,4/9/17,10:26:43 PM,,GBI-013,,,,0,,1,,CAICLNT375,,MIGO_GR,,,12:00:00 AM,,,,,,,,
375,5000000086,2017,WE,WE,PR,4/10/17,4/10/17,4/10/17,10:29:37 AM,,GBI-006,,,,0,,1,,CAICLNT375,,MIGO_GR,,,12:00:00 AM,,,,,,,,
375,5000000087,2017,WE,WE,PR,4/11/17,4/11/17,4/11/17,9:06:38 PM,,GBI-055,,,,0,,1,,CAICLNT375,,MIGO_GR,,,12:00:00 AM,,,,,,,,
375,5000000088,2017,WE,WE,PR,4/12/17,4/12/17,4/12/17,10:36:42 PM,,GBI-058,,,,0,,1,,CAICLNT375,,MIGO_GR,,,12:00:00 AM,,,,,,,,
375,5000000089,2017,WE,WE,PR,4/13/17,4/13/17,4/13/17,10:45:51 PM,,GBI-059,,,,0,,1,,CAICLNT375,,MIGO_GR,,,12:00:00 AM,,,,,,,,
375,5000000090,2017,WE,WE,PR,4/14/17,4/14/17,4/14/17,10:46:12 PM,,GBI-027,,,,0,,1,,CAICLNT375,,MIGO_GR,,,12:00:00 AM,,,,,,,,
375,5000000091,2017,WE,WE,PR,4/15/17,4/15/17,4/15/17,4:16:19 AM,,GBI-037,,,,0,,1,,CAICLNT375,,MIGO_GR,,,12:00:00 AM,,,,,,,,
375,5000000092,2017,WE,WE,PR,4/16/17,4/16/17,4/16/17,10:54:35 AM,,GBI-061,,,,0,,1,,CAICLNT375,,MIGO_GR,,,12:00:00 AM,,,,,,,,
375,5000000093,2017,WE,WE,PR,4/17/17,4/17/17,4/17/17,2:01:34 PM,,GBI-046,,,,0,,1,,CAICLNT375,,MIGO_GR,,,12:00:00 AM,,,,,,,,
375,5000000094,2017,WE,WE,PR,4/18/17,4/18/17,4/18/17,2:25:22 PM,,GBI-034,,,,0,,1,,CAICLNT375,,MIGO_GR,,,12:00:00 AM,,,,,,,,
375,5000000095,2017,WE,WE,PR,4/19/17,4/19/17,4/19/17,2:47:29 PM,,GBI-034,,,,0,,1,,CAICLNT375,,MIGO_GR,,,12:00:00 AM,,,,,,,,
375,5000000096,2017,WE,WE,PR,4/20/17,4/20/17,4/20/17,2:47:31 PM,,GBI-032,,,,0,,1,,CAICLNT375,,MIGO_GR,,,12:00:00 AM,,,,,,,,
375,5000000097,2017,WE,WE,PR,4/21/17,4/21/17,4/21/17,5:00:36 PM,,GBI-040,,,,0,,1,,CAICLNT375,,MIGO_GR,,,12:00:00 AM,,,,,,,,
375,5000000098,2017,WE,WE,PR,4/22/17,4/22/17,4/22/17,7:30:32 PM,,GBI-020,,,,0,,1,,CAICLNT375,,MIGO_GR,,,12:00:00 AM,,,,,,,,
375,5000000099,2017,WE,WE,PR,4/23/17,4/23/17,4/23/17,7:54:31 PM,,GBI-010,,,,0,,1,,CAICLNT375,,MIGO_GR,,,12:00:00 AM,,,,,,,,
375,5000000100,2017,WE,WE,PR,4/24/17,4/24/17,4/24/17,8:54:34 PM,,GBI-054,,,,0,,1,,CAICLNT375,,MIGO_GR,,,12:00:00 AM,,,,,,,,
375,5000000101,2017,WE,WE,PR,4/25/17,4/25/17,4/25/17,8:55:09 PM,,GBI-053,,,,0,,1,,CAICLNT375,,MIGO_GR,,,12:00:00 AM,,,,,,,,
375,5000000102,2017,WE,WE,PR,4/26/17,4/26/17,4/26/17,10:03:31 PM,,GBI-048,,,,0,,1,,CAICLNT375,,MIGO_GR,,,12:00:00 AM,,,,,,,,
375,5000000103,2017,WE,WE,PR,4/27/17,4/27/17,4/27/17,10:03:58 PM,,GBI-017,,,,0,,1,,CAICLNT375,,MIGO_GR,,,12:00:00 AM,,,,,,,,
375,5000000104,2017,WE,WE,PR,4/28/17,4/28/17,4/28/17,10:16:27 PM,,GBI-050,,,,0,,1,,CAICLNT375,,MIGO_GR,,,12:00:00 AM,,,,,,,,
375,5000000105,2017,WE,WE,PR,4/29/17,4/29/17,4/29/17,10:34:33 PM,,GBI-021,,,,0,,1,,CAICLNT375,,MIGO_GR,,,12:00:00 AM,,,,,,,,
375,5000000106,2017,WE,WE,PR,4/30/17,4/30/17,4/30/17,10:48:52 PM,,GBI-060,,,,0,,1,,CAICLNT375,,MIGO_GR,,,12:00:00 AM,,,,,,,,
375,5000000107,2017,WE,WE,PR,5/1/17,5/1/17,5/1/17,10:58:15 PM,,GBI-051,,,,0,,1,,CAICLNT375,,MIGO_GR,,,12:00:00 AM,,,,,,,,
375,5000000108,2017,WE,WE,PR,5/2/17,5/2/17,5/2/17,11:01:23 PM,,GBI-060,,,,0,,1,,CAICLNT375,,MIGO_GR,,,12:00:00 AM,,,,,,,,
375,5000000109,2017,WE,WE,PR,5/3/17,5/3/17,5/3/17,11:12:06 PM,,GBI-023,,,,0,,1,,CAICLNT375,,MIGO_GR,,,12:00:00 AM,,,,,,,,
375,5000000110,2017,WE,WE,PR,5/4/17,5/4/17,5/4/17,11:17:44 PM,,GBI-017,,,,0,,1,,CAICLNT375,,MIGO_GR,,,12:00:00 AM,,,,,,,,
375,5000000111,2017,WE,WE,PR,5/5/17,5/5/17,5/5/17,11:28:41 PM,,GBI-017,,,,0,,1,,CAICLNT375,,MIGO_GR,,,12:00:00 AM,,,,,,,,
375,5000000112,2017,WE,WE,PR,5/6/17,5/6/17,5/6/17,2:03:44 AM,,GBI-031,,,,0,,1,,CAICLNT375,,MIGO_GR,,,12:00:00 AM,,,,,,,,
375,5000000113,2017,WE,WE,PR,5/7/17,5/7/17,5/7/17,9:07:32 AM,,GBI-045,,,,0,,1,,CAICLNT375,,MIGO_GR,,,12:00:00 AM,,,,,,,,
375,5000000114,2017,WE,WE,PR,5/8/17,5/8/17,5/8/17,9:49:03 AM,,GBI-043,,,,0,,1,,CAICLNT375,,MIGO_GR,,,12:00:00 AM,,,,,,,,
375,5000000115,2017,WE,WE,PR,5/9/17,5/9/17,5/9/17,10:34:28 AM,,GBI-035,,,,0,,1,,CAICLNT375,,MIGO_GR,,,12:00:00 AM,,,,,,,,
375,5000000116,2017,WE,WE,PR,5/10/17,5/10/17,5/10/17,11:14:50 AM,,GBI-049,,,,0,,1,,CAICLNT375,,MIGO_GR,,,12:00:00 AM,,,,,,,,
375,5000000117,2017,WE,WE,PR,5/11/17,5/11/17,5/11/17,11:19:32 AM,,GBI-035,,,,0,,1,,CAICLNT375,,MIGO_GR,,,12:00:00 AM,,,,,,,,
375,5000000118,2017,WE,WE,PR,5/12/17,5/12/17,5/12/17,6:28:30 PM,,GBI-039,,,,0,,1,,CAICLNT375,,MIGO_GR,,,12:00:00 AM,,,,,,,,
375,5000000119,2017,WE,WE,PR,5/13/17,5/13/17,5/13/17,3:03:38 PM,,GBI-065,,,,0,,1,,CAICLNT375,,MIGO_GR,,,12:00:00 AM,,,,,,,,
375,5000000120,2017,WE,WE,PR,5/14/17,5/14/17,5/14/17,3:21:16 PM,,GBI-065,,,,0,,1,,CAICLNT375,,MIGO_GR,,,12:00:00 AM,,,,,,,,
375,5000000121,2017,WE,WE,PR,5/15/17,5/15/17,5/15/17,3:41:36 PM,,GBIFAC-01,,,,0,,1,,CAICLNT375,,MIGO_GR,,,12:00:00 AM,,,,,,,,
375,5000000122,2017,WE,WE,PR,5/16/17,5/16/17,5/16/17,3:55:25 PM,,GBIFAC-01,,,,0,,1,,CAICLNT375,,MIGO_GR,,,12:00:00 AM,,,,,,,,
375,5000000123,2017,WE,WE,PR,5/17/17,5/17/17,5/17/17,3:59:49 PM,,GBIFAC-01,,,,0,,1,,CAICLNT375,,MIGO_GR,,,12:00:00 AM,,,,,,,,
375,5000000124,2017,WE,WE,PR,5/18/17,5/18/17,5/18/17,7:19:13 PM,,GBIFAC-01,,,,0,,1,,CAICLNT375,,MIGO_GR,,,12:00:00 AM,,,,,,,,
375,5000000125,2017,WE,WE,PR,5/19/17,5/19/17,5/19/17,7:58:17 PM,,GBI-050,,,,0,,1,,CAICLNT375,,MIGO_GR,,,12:00:00 AM,,,,,,,,
375,5000000126,2017,WE,WE,PR,5/20/17,5/20/17,5/20/17,8:00:11 PM,,GBI-050,,,,0,,1,,CAICLNT375,,MIGO_GR,,,12:00:00 AM,,,,,,,,
375,5000000127,2017,WE,WE,PR,5/21/17,5/21/17,5/21/17,8:00:47 PM,,GBI-050,,,,0,,1,,CAICLNT375,,MIGO_GR,,,12:00:00 AM,,,,,,,,
375,5000000128,2017,WE,WE,PR,5/22/17,5/22/17,5/22/17,8:01:15 PM,,GBI-050,,,,0,,1,,CAICLNT375,,MIGO_GR,,,12:00:00 AM,,,,,,,,
375,5000000129,2017,WE,WE,PR,5/23/17,5/23/17,5/23/17,8:01:43 PM,,GBI-050,,,,0,,1,,CAICLNT375,,MIGO_GR,,,12:00:00 AM,,,,,,,,
375,5000000130,2017,WE,WE,PR,5/24/17,5/24/17,5/24/17,8:02:08 PM,,GBI-050,,,,0,,1,,CAICLNT375,,MIGO_GR,,,12:00:00 AM,,,,,,,,
375,5000000131,2017,WE,WE,PR,5/25/17,5/25/17,5/25/17,9:45:16 PM,,GBI-026,,,,0,,1,,CAICLNT375,,MIGO_GR,,,12:00:00 AM,,,,,,,,
375,5000000132,2017,WE,WE,PR,5/26/17,5/26/17,5/26/17,10:13:28 PM,,GBI-046,,,,0,,1,,CAICLNT375,,MIGO_GR,,,12:00:00 AM,,,,,,,,
375,5000000133,2017,WE,WE,PR,5/27/17,5/27/17,5/27/17,10:14:24 PM,,GBI-046,,,,0,,1,,CAICLNT375,,MIGO_GR,,,12:00:00 AM,,,,,,,,
375,5000000134,2017,WE,WE,PR,5/28/17,5/28/17,5/28/17,10:14:59 PM,,GBI-046,,,,0,,1,,CAICLNT375,,MIGO_GR,,,12:00:00 AM,,,,,,,,
375,5000000135,2017,WE,WE,PR,5/29/17,5/29/17,5/29/17,10:15:25 PM,,GBI-046,,,,0,,1,,CAICLNT375,,MIGO_GR,,,12:00:00 AM,,,,,,,,
375,5000000136,2017,WE,WE,PR,5/30/17,5/30/17,5/30/17,10:15:47 PM,,GBI-046,,,,0,,1,,CAICLNT375,,MIGO_GR,,,12:00:00 AM,,,,,,,,
375,5000000137,2017,WE,WE,PR,5/31/17,5/31/17,5/31/17,10:16:09 PM,,GBI-046,,,,0,,1,,CAICLNT375,,MIGO_GR,,,12:00:00 AM,,,,,,,,
375,5000000138,2017,WE,WE,PR,6/1/17,6/1/17,6/1/17,11:01:06 PM,,GBI-058,,,,0,,1,,CAICLNT375,,MIGO_GR,,,12:00:00 AM,,,,,,,,
375,5000000139,2017,WE,WE,PR,6/2/17,6/2/17,6/2/17,11:01:58 PM,,GBI-058,,,,0,,1,,CAICLNT375,,MIGO_GR,,,12:00:00 AM,,,,,,,,
375,5000000140,2017,WE,WE,PR,6/3/17,6/3/17,6/3/17,11:02:35 PM,,GBI-058,,,,0,,1,,CAICLNT375,,MIGO_GR,,,12:00:00 AM,,,,,,,,
375,5000000141,2017,WE,WE,PR,6/4/17,6/4/17,6/4/17,11:03:32 PM,,GBI-058,,,,0,,1,,CAICLNT375,,MIGO_GR,,,12:00:00 AM,,,,,,,,
375,5000000142,2017,WE,WE,PR,6/5/17,6/5/17,6/5/17,11:04:02 PM,,GBI-058,,,,0,,1,,CAICLNT375,,MIGO_GR,,,12:00:00 AM,,,,,,,,
375,5000000143,2017,WE,WE,PR,6/6/17,6/6/17,6/6/17,11:04:45 PM,,GBI-058,,,,0,,1,,CAICLNT375,,MIGO_GR,,,12:00:00 AM,,,,,,,,
375,5000000144,2017,WE,WE,PR,6/7/17,6/7/17,6/7/17,12:23:06 AM,,GBI-064,,,,0,,1,,CAICLNT375,,MIGO_GR,,,12:00:00 AM,,,,,,,,
375,5000000145,2017,WE,WE,PR,6/8/17,6/8/17,6/8/17,12:47:07 AM,,GBI-064,,,,0,,1,,CAICLNT375,,MIGO_GR,,,12:00:00 AM,,,,,,,,
375,5000000146,2017,WE,WE,PR,6/9/17,6/9/17,6/9/17,12:53:45 AM,,GBI-064,,,,0,,1,,CAICLNT375,,MIGO_GR,,,12:00:00 AM,,,,,,,,
375,5000000147,2017,WE,WE,PR,6/10/17,6/10/17,6/10/17,12:08:26 PM,,GBI-027,,,,0,,1,,CAICLNT375,,MIGO_GR,,,12:00:00 AM,,,,,,,,
375,5000000148,2017,WE,WE,PR,6/11/17,6/11/17,6/11/17,12:09:36 PM,,GBI-027,,,,0,,1,,CAICLNT375,,MIGO_GR,,,12:00:00 AM,,,,,,,,
375,5000000149,2017,WE,WE,PR,6/12/17,6/12/17,6/12/17,12:10:15 PM,,GBI-027,,,,0,,1,,CAICLNT375,,MIGO_GR,,,12:00:00 AM,,,,,,,,
375,5000000150,2017,WE,WE,PR,6/13/17,6/13/17,6/13/17,12:10:50 PM,,GBI-027,,,,0,,1,,CAICLNT375,,MIGO_GR,,,12:00:00 AM,,,,,,,,
375,5000000151,2017,WE,WE,PR,6/14/17,6/14/17,6/14/17,12:11:26 PM,,GBI-027,,,,0,,1,,CAICLNT375,,MIGO_GR,,,12:00:00 AM,,,,,,,,
375,5000000152,2017,WE,WE,PR,6/15/17,6/15/17,6/15/17,12:11:59 PM,,GBI-027,,,,0,,1,,CAICLNT375,,MIGO_GR,,,12:00:00 AM,,,,,,,,
375,5000000153,2017,WE,WE,PR,6/16/17,6/16/17,6/16/17,12:32:27 PM,,GBI-027,,,,0,,1,,CAICLNT375,,MIGO_GR,,,12:00:00 AM,,,,,,,,
375,5000000154,2017,WE,WE,PR,6/17/17,6/17/17,6/17/17,12:40:36 PM,,GBI-027,,,,0,,1,,CAICLNT375,,MIGO_GR,,,12:00:00 AM,,,,,,,,
375,5000000155,2017,WE,WE,PR,6/18/17,6/18/17,6/18/17,12:44:59 PM,,GBI-027,,,,0,,1,,CAICLNT375,,MIGO_GR,,,12:00:00 AM,,,,,,,,
375,5000000156,2017,WE,WE,PR,6/19/17,6/19/17,6/19/17,12:52:28 PM,,GBI-027,,,,0,,1,,CAICLNT375,,MIGO_GR,,,12:00:00 AM,,,,,,,,
375,5000000157,2017,WE,WE,PR,6/20/17,6/20/17,6/20/17,12:57:18 PM,,GBIFAC-01,,,,0,,1,,CAICLNT375,,MIGO_GR,,,12:00:00 AM,,,,,,,,
375,5000000158,2017,WE,WE,PR,6/21/17,6/21/17,6/21/17,1:43:11 PM,,GBIFAC-01,,,,0,,1,,CAICLNT375,,MIGO_GR,,,12:00:00 AM,,,,,,,,
375,5000000159,2017,WE,WE,PR,6/22/17,6/22/17,6/22/17,11:03:50 AM,,GBI-035,,,,0,,1,,CAICLNT375,,MIGO_GR,,,12:00:00 AM,,,,,,,,
375,5000000160,2017,WE,WE,PR,6/23/17,6/23/17,6/23/17,11:41:25 AM,,GBI-035,,,,0,,1,,CAICLNT375,,MIGO_GR,,,12:00:00 AM,,,,,,,,
375,5000000161,2017,WE,WE,PR,6/24/17,6/24/17,6/24/17,12:23:22 PM,,GBI-035,,,,0,,1,,CAICLNT375,,MIGO_GR,,,12:00:00 AM,,,,,,,,
375,5000000162,2017,WE,WE,PR,6/25/17,6/25/17,6/25/17,12:30:26 PM,,GBI-035,,,,0,,1,,CAICLNT375,,MIGO_GR,,,12:00:00 AM,,,,,,,,
375,5000000163,2017,WE,WE,PR,6/26/17,6/26/17,6/26/17,12:34:26 PM,,GBI-035,,,,0,,1,,CAICLNT375,,MIGO_GR,,,12:00:00 AM,,,,,,,,
375,5000000164,2017,WE,WE,PR,6/27/17,6/27/17,6/27/17,12:39:39 PM,,GBI-035,,,,0,,1,,CAICLNT375,,MIGO_GR,,,12:00:00 AM,,,,,,,,
375,5000000165,2017,WE,WE,PR,6/28/17,6/28/17,6/28/17,12:46:24 PM,,GBI-035,,,,0,,1,,CAICLNT375,,MIGO_GR,,,12:00:00 AM,,,,,,,,
375,5000000166,2017,WE,WE,PR,6/29/17,6/29/17,6/29/17,12:49:00 PM,,GBI-035,,,,0,,1,,CAICLNT375,,MIGO_GR,,,12:00:00 AM,,,,,,,,
375,5000000167,2017,WE,WE,PR,6/30/17,6/30/17,6/30/17,2:22:47 PM,,GBI-057,,,,0,,1,,CAICLNT375,,MIGO_GR,,,12:00:00 AM,,,,,,,,
375,5000000168,2017,WE,WE,PR,7/1/17,7/1/17,7/1/17,2:27:17 PM,,GBI-057,,,,0,,1,,CAICLNT375,,MIGO_GR,,,12:00:00 AM,,,,,,,,
375,5000000169,2017,WE,WE,PR,7/2/17,7/2/17,7/2/17,2:28:04 PM,,GBI-057,,,,0,,1,,CAICLNT375,,MIGO_GR,,,12:00:00 AM,,,,,,,,
375,5000000170,2017,WE,WE,PR,7/3/17,7/3/17,7/3/17,2:28:38 PM,,GBI-057,,,,0,,1,,CAICLNT375,,MIGO_GR,,,12:00:00 AM,,,,,,,,
375,5000000171,2017,WE,WE,PR,7/4/17,7/4/17,7/4/17,2:29:04 PM,,GBI-057,,,,0,,1,,CAICLNT375,,MIGO_GR,,,12:00:00 AM,,,,,,,,
375,5000000172,2017,WE,WE,PR,7/5/17,7/5/17,7/5/17,2:29:33 PM,,GBI-057,,,,0,,1,,CAICLNT375,,MIGO_GR,,,12:00:00 AM,,,,,,,,
375,5000000173,2017,WE,WE,PR,7/6/17,7/6/17,7/6/17,2:29:56 PM,,GBI-057,,,,0,,1,,CAICLNT375,,MIGO_GR,,,12:00:00 AM,,,,,,,,
375,5000000174,2017,WE,WE,PR,7/7/17,7/7/17,7/7/17,2:30:23 PM,,GBI-057,,,,0,,1,,CAICLNT375,,MIGO_GR,,,12:00:00 AM,,,,,,,,
375,5000000175,2017,WE,WE,PR,7/8/17,7/8/17,7/8/17,2:30:45 PM,,GBI-057,,,,0,,1,,CAICLNT375,,MIGO_GR,,,12:00:00 AM,,,,,,,,
375,5000000176,2017,WE,WE,PR,7/9/17,7/9/17,7/9/17,2:31:07 PM,,GBI-057,,,,0,,1,,CAICLNT375,,MIGO_GR,,,12:00:00 AM,,,,,,,,
375,5000000177,2017,WE,WE,PR,7/10/17,7/10/17,7/10/17,2:31:39 PM,,GBI-057,,,,0,,1,,CAICLNT375,,MIGO_GR,,,12:00:00 AM,,,,,,,,
375,5000000178,2017,WE,WE,PR,7/11/17,7/11/17,7/11/17,2:32:28 PM,,GBI-057,,,,0,,1,,CAICLNT375,,MIGO_GR,,,12:00:00 AM,,,,,,,,
375,5000000179,2017,WE,WE,PR,7/12/17,7/12/17,7/12/17,2:32:58 PM,,GBI-057,,,,0,,1,,CAICLNT375,,MIGO_GR,,,12:00:00 AM,,,,,,,,
375,5000000180,2017,WE,WE,PR,7/13/17,7/13/17,7/13/17,2:33:29 PM,,GBI-057,,,,0,,1,,CAICLNT375,,MIGO_GR,,,12:00:00 AM,,,,,,,,
375,5000000181,2017,WE,WE,PR,7/14/17,7/14/17,7/14/17,2:33:50 PM,,GBI-057,,,,0,,1,,CAICLNT375,,MIGO_GR,,,12:00:00 AM,,,,,,,,
375,5000000182,2017,WE,WE,PR,7/15/17,7/15/17,7/15/17,4:37:31 PM,,GBIFAC-01,,,,0,,1,,CAICLNT375,,MIGO_GR,,,12:00:00 AM,,,,,,,,
375,5000000183,2017,WE,WE,PR,7/16/17,7/16/17,7/16/17,5:11:51 PM,,GBI-026,,,,0,,1,,CAICLNT375,,MIGO_GR,,,12:00:00 AM,,,,,,,,
375,5000000184,2017,WE,WE,PR,7/17/17,7/17/17,7/17/17,9:30:16 PM,,GBI-026,,,,0,,1,,CAICLNT375,,MIGO_GR,,,12:00:00 AM,,,,,,,,
375,5000000185,2017,WE,WE,PR,7/18/17,7/18/17,7/18/17,11:29:34 PM,,GBI-026,,,,0,,1,,CAICLNT375,,MIGO_GR,,,12:00:00 AM,,,,,,,,
375,5000000186,2017,WE,WE,PR,7/19/17,7/19/17,7/19/17,11:56:19 PM,,GBI-026,,,,0,,1,,CAICLNT375,,MIGO_GR,,,12:00:00 AM,,,,,,,,
375,5000000187,2017,WE,WE,PR,7/20/17,7/20/17,7/20/17,8:46:51 AM,,GBIFAC-01,,,,0,,1,,CAICLNT375,,MIGO_GR,,,12:00:00 AM,,,,,,,,
375,5000000188,2017,WE,WE,PR,7/21/17,7/21/17,7/21/17,9:28:01 AM,,GBIFAC-01,,,,0,,,,CAICLNT375,,ML81N,,,12:00:00 AM,,,,,,,,
375,5000000189,2017,WE,WE,PR,7/22/17,7/22/17,7/22/17,10:11:48 AM,,GBIFAC-01,,,,0,,,,CAICLNT375,,ML81N,,,12:00:00 AM,,,,,,,,
375,5000000190,2017,WE,WE,PR,7/23/17,7/23/17,7/23/17,10:29:58 AM,,GBIFAC-01,,,,0,,,,CAICLNT375,,ML81N,,,12:00:00 AM,,,,,,,,
375,5000000191,2017,WE,WE,PR,7/24/17,7/24/17,7/24/17,10:31:51 AM,,GBIFAC-01,,,,0,,,,CAICLNT375,,ML81N,,,12:00:00 AM,,,,,,,,
375,5000000192,2017,WE,WE,PR,7/25/17,7/25/17,7/25/17,10:38:54 AM,,GBI-013,,,,0,,,,CAICLNT375,,ML81N,,,12:00:00 AM,,,,,,,,
375,5000000193,2017,WE,WE,PR,7/26/17,7/26/17,7/26/17,10:52:24 AM,,GBIFAC-01,,,,0,,1,,CAICLNT375,,MIGO_GR,,,12:00:00 AM,,,,,,,,
375,5000000194,2017,WE,WE,PR,7/27/17,7/27/17,7/27/17,11:10:56 AM,,GBI-018,,,,0,,,,CAICLNT375,,ML81N,,,12:00:00 AM,,,,,,,,
375,5000000195,2017,WE,WE,PR,7/28/17,7/28/17,7/28/17,11:11:22 AM,,GBI-018,,,,0,,,,CAICLNT375,,ML81N,,,12:00:00 AM,,,,,,,,
375,5000000196,2017,WE,WE,PR,7/29/17,7/29/17,7/29/17,11:18:14 AM,,GBIFAC-01,,,,0,,,,CAICLNT375,,ML81N,,,12:00:00 AM,,,,,,,,
375,5000000197,2017,WE,WE,PR,7/30/17,7/30/17,7/30/17,11:18:55 AM,,GBIFAC-01,,,,0,,,,CAICLNT375,,ML81N,,,12:00:00 AM,,,,,,,,
375,5000000198,2017,WE,WE,PR,7/31/17,7/31/17,7/31/17,11:20:48 AM,,GBIFAC-01,,,,0,,,,CAICLNT375,,ML81N,,,12:00:00 AM,,,,,,,,
375,5000000199,2017,WE,WE,PR,8/1/17,8/1/17,8/1/17,11:24:19 AM,,GBI-018,,,,0,,,,CAICLNT375,,ML81N,,,12:00:00 AM,,,,,,,,
375,5000000200,2017,WE,WE,PR,8/2/17,8/2/17,8/2/17,11:30:08 AM,,GBI-024,,,,0,,1,,CAICLNT375,,MIGO_GR,,,12:00:00 AM,,,,,,,,
375,5000000201,2017,WE,WE,PR,8/3/17,8/3/17,8/3/17,11:33:01 AM,,GBI-018,,,,0,,,,CAICLNT375,,ML81N,,,12:00:00 AM,,,,,,,,
375,5000000202,2017,WE,WE,PR,8/4/17,8/4/17,8/4/17,11:34:22 AM,,GBI-018,,,,0,,,,CAICLNT375,,ML81N,,,12:00:00 AM,,,,,,,,
375,5000000203,2017,WE,WE,PR,8/5/17,8/5/17,8/5/17,12:43:24 PM,,GBI-024,,,,0,,1,,CAICLNT375,,MIGO_GR,,,12:00:00 AM,,,,,,,,
375,5000000204,2017,WE,WE,PR,8/6/17,8/6/17,8/6/17,12:53:39 PM,,GBI-024,,,,0,,1,,CAICLNT375,,MIGO_GR,,,12:00:00 AM,,,,,,,,
375,5000000205,2017,WE,WE,PR,8/7/17,8/7/17,8/7/17,12:56:09 PM,,GBI-024,,,,0,,1,,CAICLNT375,,MIGO_GR,,,12:00:00 AM,,,,,,,,
375,5000000206,2017,WE,WE,PR,8/8/17,8/8/17,8/8/17,1:04:46 PM,,GBI-024,,,,0,,1,,CAICLNT375,,MIGO_GR,,,12:00:00 AM,,,,,,,,
375,5000000207,2017,WE,WE,PR,8/9/17,8/9/17,8/9/17,1:55:18 PM,,GBI-024,,,,0,,1,,CAICLNT375,,MIGO_GR,,,12:00:00 AM,,,,,,,,
375,5000000208,2017,WE,WE,PR,8/10/17,8/10/17,8/10/17,2:07:45 PM,,GBI-023,,,,0,,1,,CAICLNT375,,MIGO_GR,,,12:00:00 AM,,,,,,,,
375,5000000209,2017,WE,WE,PR,8/11/17,8/11/17,8/11/17,2:44:08 PM,,GBIFAC-01,,,,0,,1,,CAICLNT375,,MIGO_GR,,,12:00:00 AM,,,,,,,,
375,5000000210,2017,WE,WE,PR,8/12/17,8/12/17,8/12/17,3:02:38 PM,,GBIFAC-01,,,,0,,1,,CAICLNT375,,MIGO_GR,,,12:00:00 AM,,,,,,,,
375,5000000211,2017,WE,WE,PR,8/13/17,8/13/17,8/13/17,7:01:46 PM,,GBIFAC-01,,,,0,,1,,CAICLNT375,,MIGO_GR,,,12:00:00 AM,,,,,,,,
375,5000000212,2017,WE,WE,PR,8/14/17,8/14/17,8/14/17,11:29:31 PM,,GBI-026,,,,0,,1,,CAICLNT375,,MIGO_GR,,,12:00:00 AM,,,,,,,,
375,5000000213,2017,WE,WE,PR,8/15/17,8/15/17,8/15/17,11:51:28 PM,,GBI-026,,,,0,,1,,CAICLNT375,,MIGO_GR,,,12:00:00 AM,,,,,,,,
375,5000000214,2017,WE,WE,PR,8/16/17,8/16/17,8/16/17,12:28:42 PM,,GBI-065,,,,0,,1,,CAICLNT375,,MIGO_GR,,,12:00:00 AM,,,,,,,,
375,5000000215,2017,WE,WE,PR,8/17/17,8/17/17,8/17/17,12:30:02 PM,,GBI-005,,,,0,,1,,CAICLNT375,,MIGO_GR,,,12:00:00 AM,,,,,,,,
375,5000000216,2017,WE,WE,PR,8/18/17,8/18/17,8/18/17,12:33:02 PM,,GBI-005,,,,0,,1,,CAICLNT375,,MIGO_GR,,,12:00:00 AM,,,,,,,,
375,5000000217,2017,WE,WE,PR,8/19/17,8/19/17,8/19/17,12:33:57 PM,,GBI-005,,,,0,,1,,CAICLNT375,,MIGO_GR,,,12:00:00 AM,,,,,,,,
375,5000000218,2017,WE,WE,PR,8/20/17,8/20/17,8/20/17,12:34:26 PM,,GBI-065,,,,0,,1,,CAICLNT375,,MIGO_GR,,,12:00:00 AM,,,,,,,,
375,5000000219,2017,WE,WE,PR,8/21/17,8/21/17,8/21/17,12:34:48 PM,,GBI-005,,,,0,,1,,CAICLNT375,,MIGO_GR,,,12:00:00 AM,,,,,,,,
375,5000000220,2017,WE,WE,PR,8/22/17,8/22/17,8/22/17,12:35:30 PM,,GBI-039,,,,0,,1,,CAICLNT375,,MIGO_GR,,,12:00:00 AM,,,,,,,,
375,5000000221,2017,WE,WE,PR,8/23/17,8/23/17,8/23/17,12:35:36 PM,,GBI-005,,,,0,,1,,CAICLNT375,,MIGO_GR,,,12:00:00 AM,,,,,,,,
375,5000000222,2017,WE,WE,PR,8/24/17,8/24/17,8/24/17,12:35:43 PM,,GBI-065,,,,0,,1,,CAICLNT375,,MIGO_GR,,,12:00:00 AM,,,,,,,,
375,5000000223,2017,WE,WE,PR,8/25/17,8/25/17,8/25/17,12:35:43 PM,,GBI-062,,,,0,,1,,CAICLNT375,,MIGO_GR,,,12:00:00 AM,,,,,,,,
375,5000000224,2017,WE,WE,PR,8/26/17,8/26/17,8/26/17,12:36:44 PM,,GBI-005,,,,0,,1,,CAICLNT375,,MIGO_GR,,,12:00:00 AM,,,,,,,,
375,5000000225,2017,WE,WE,PR,8/27/17,8/27/17,8/27/17,12:36:52 PM,,GBI-065,,,,0,,1,,CAICLNT375,,MIGO_GR,,,12:00:00 AM,,,,,,,,
375,5000000226,2017,WE,WE,PR,8/28/17,8/28/17,8/28/17,12:37:18 PM,,GBI-039,,,,0,,1,,CAICLNT375,,MIGO_GR,,,12:00:00 AM,,,,,,,,
375,5000000227,2017,WE,WE,PR,8/29/17,8/29/17,8/29/17,12:37:18 PM,,GBI-060,,,,0,,1,,CAICLNT375,,MIGO_GR,,,12:00:00 AM,,,,,,,,
375,5000000228,2017,WE,WE,PR,8/30/17,8/30/17,8/30/17,12:37:35 PM,,GBI-005,,,,0,,1,,CAICLNT375,,MIGO_GR,,,12:00:00 AM,,,,,,,,
375,5000000229,2017,WE,WE,PR,8/31/17,8/31/17,8/31/17,12:38:00 PM,,GBI-062,,,,0,,1,,CAICLNT375,,MIGO_GR,,,12:00:00 AM,,,,,,,,
375,5000000230,2017,WE,WE,PR,9/1/17,9/1/17,9/1/17,12:38:11 PM,,GBI-065,,,,0,,1,,CAICLNT375,,MIGO_GR,,,12:00:00 AM,,,,,,,,
375,5000000231,2017,WE,WE,PR,9/2/17,9/2/17,9/2/17,12:38:41 PM,,GBI-005,,,,0,,1,,CAICLNT375,,MIGO_GR,,,12:00:00 AM,,,,,,,,
375,5000000232,2017,WE,WE,PR,9/3/17,9/3/17,9/3/17,12:39:00 PM,,GBI-060,,,,0,,1,,CAICLNT375,,MIGO_GR,,,12:00:00 AM,,,,,,,,
375,5000000233,2017,WE,WE,PR,9/4/17,9/4/17,9/4/17,12:39:05 PM,,GBI-039,,,,0,,1,,CAICLNT375,,MIGO_GR,,,12:00:00 AM,,,,,,,,
375,5000000234,2017,WE,WE,PR,9/5/17,9/5/17,9/5/17,12:39:33 PM,,GBI-005,,,,0,,1,,CAICLNT375,,MIGO_GR,,,12:00:00 AM,,,,,,,,
375,5000000235,2017,WE,WE,PR,9/6/17,9/6/17,9/6/17,12:40:19 PM,,GBI-039,,,,0,,1,,CAICLNT375,,MIGO_GR,,,12:00:00 AM,,,,,,,,
375,5000000236,2017,WE,WE,PR,9/7/17,9/7/17,9/7/17,12:40:21 PM,,GBI-062,,,,0,,1,,CAICLNT375,,MIGO_GR,,,12:00:00 AM,,,,,,,,
375,5000000237,2017,WE,WE,PR,9/8/17,9/8/17,9/8/17,12:40:28 PM,,GBI-060,,,,0,,1,,CAICLNT375,,MIGO_GR,,,12:00:00 AM,,,,,,,,
375,5000000238,2017,WE,WE,PR,9/9/17,9/9/17,9/9/17,12:40:31 PM,,GBI-005,,,,0,,1,,CAICLNT375,,MIGO_GR,,,12:00:00 AM,,,,,,,,
375,5000000239,2017,WE,WE,PR,9/10/17,9/10/17,9/10/17,12:41:19 PM,,GBI-060,,,,0,,1,,CAICLNT375,,MIGO_GR,,,12:00:00 AM,,,,,,,,
375,5000000240,2017,WE,WE,PR,9/11/17,9/11/17,9/11/17,12:42:00 PM,,GBI-039,,,,0,,1,,CAICLNT375,,MIGO_GR,,,12:00:00 AM,,,,,,,,
375,5000000241,2017,WE,WE,PR,9/12/17,9/12/17,9/12/17,12:42:08 PM,,GBI-060,,,,0,,1,,CAICLNT375,,MIGO_GR,,,12:00:00 AM,,,,,,,,
375,5000000242,2017,WE,WE,PR,9/13/17,9/13/17,9/13/17,12:43:19 PM,,GBI-065,,,,0,,1,,CAICLNT375,,MIGO_GR,,,12:00:00 AM,,,,,,,,
375,5000000243,2017,WE,WE,PR,9/14/17,9/14/17,9/14/17,12:44:26 PM,,GBI-005,,,,0,,1,,CAICLNT375,,MIGO_GR,,,12:00:00 AM,,,,,,,,
375,5000000244,2017,WE,WE,PR,9/15/17,9/15/17,9/15/17,12:44:34 PM,,GBI-062,,,,0,,1,,CAICLNT375,,MIGO_GR,,,12:00:00 AM,,,,,,,,
375,5000000245,2017,WE,WE,PR,9/16/17,9/16/17,9/16/17,12:50:34 PM,,GBI-062,,,,0,,1,,CAICLNT375,,MIGO_GR,,,12:00:00 AM,,,,,,,,
375,5000000246,2017,WE,WE,PR,9/17/17,9/17/17,9/17/17,1:58:29 PM,,GBI-065,,,,0,,1,,CAICLNT375,,MIGO_GR,,,12:00:00 AM,,,,,,,,
375,5000000247,2017,WE,WE,PR,9/18/17,9/18/17,9/18/17,1:58:29 PM,,GBI-062,,,,0,,1,,CAICLNT375,,MIGO_GR,,,12:00:00 AM,,,,,,,,
375,5000000248,2017,WE,WE,PR,9/19/17,9/19/17,9/19/17,1:58:30 PM,,GBIFAC-01,,,,0,,1,,CAICLNT375,,MIGO_GR,,,12:00:00 AM,,,,,,,,
375,5000000249,2017,WE,WE,PR,9/20/17,9/20/17,9/20/17,1:58:31 PM,,GBI-039,,,,0,,1,,CAICLNT375,,MIGO_GR,,,12:00:00 AM,,,,,,,,
375,5000000250,2017,WE,WE,PR,9/21/17,9/21/17,9/21/17,1:59:35 PM,,GBI-065,,,,0,,1,,CAICLNT375,,MIGO_GR,,,12:00:00 AM,,,,,,,,
375,5000000251,2017,WE,WE,PR,9/22/17,9/22/17,9/22/17,2:12:18 PM,,GBI-065,,,,0,,1,,CAICLNT375,,MIGO_GR,,,12:00:00 AM,,,,,,,,
375,5000000252,2017,WE,WE,PR,9/23/17,9/23/17,9/23/17,3:54:45 PM,,GBI-033,,,,0,,1,,CAICLNT375,,MIGO_GR,,,12:00:00 AM,,,,,,,,
375,5000000253,2017,WE,WE,PR,9/24/17,9/24/17,9/24/17,4:08:43 PM,,GBI-033,,,,0,,1,,CAICLNT375,,MIGO_GR,,,12:00:00 AM,,,,,,,,
375,5000000254,2017,WE,WE,PR,9/25/17,9/25/17,9/25/17,4:11:01 PM,,GBI-033,,,,0,,1,,CAICLNT375,,MIGO_GR,,,12:00:00 AM,,,,,,,,
375,5000000255,2017,WE,WE,PR,9/26/17,9/26/17,9/26/17,4:11:30 PM,,GBI-033,,,,0,,1,,CAICLNT375,,MIGO_GR,,,12:00:00 AM,,,,,,,,
375,5000000256,2017,WE,WE,PR,9/27/17,9/27/17,9/27/17,4:11:58 PM,,GBI-033,,,,0,,1,,CAICLNT375,,MIGO_GR,,,12:00:00 AM,,,,,,,,
375,5000000257,2017,WE,WE,PR,9/28/17,9/28/17,9/28/17,4:12:13 PM,,GBI-033,,,,0,,1,,CAICLNT375,,MIGO_GR,,,12:00:00 AM,,,,,,,,
375,5000000258,2017,WE,WE,PR,9/29/17,9/29/17,9/29/17,4:12:28 PM,,GBI-033,,,,0,,1,,CAICLNT375,,MIGO_GR,,,12:00:00 AM,,,,,,,,
375,5000000259,2017,WE,WE,PR,9/30/17,9/30/17,9/30/17,4:12:41 PM,,GBI-033,,,,0,,1,,CAICLNT375,,MIGO_GR,,,12:00:00 AM,,,,,,,,
375,5000000260,2017,WE,WE,PR,10/1/17,10/1/17,10/1/17,4:12:56 PM,,GBI-033,,,,0,,1,,CAICLNT375,,MIGO_GR,,,12:00:00 AM,,,,,,,,
375,5000000261,2017,WE,WE,PR,10/2/17,10/2/17,10/2/17,4:13:09 PM,,GBI-033,,,,0,,1,,CAICLNT375,,MIGO_GR,,,12:00:00 AM,,,,,,,,
375,5000000262,2017,WE,WE,PR,10/3/17,10/3/17,10/3/17,4:13:23 PM,,GBI-033,,,,0,,1,,CAICLNT375,,MIGO_GR,,,12:00:00 AM,,,,,,,,
375,5000000263,2017,WE,WE,PR,10/4/17,10/4/17,10/4/17,4:13:42 PM,,GBI-033,,,,0,,1,,CAICLNT375,,MIGO_GR,,,12:00:00 AM,,,,,,,,
375,5000000264,2017,WE,WE,PR,10/5/17,10/5/17,10/5/17,4:13:58 PM,,GBI-033,,,,0,,1,,CAICLNT375,,MIGO_GR,,,12:00:00 AM,,,,,,,,
375,5000000265,2017,WE,WE,PR,10/6/17,10/6/17,10/6/17,4:14:16 PM,,GBI-033,,,,0,,1,,CAICLNT375,,MIGO_GR,,,12:00:00 AM,,,,,,,,
375,5000000266,2017,WE,WE,PR,10/7/17,10/7/17,10/7/17,4:14:46 PM,,GBI-033,,,,0,,1,,CAICLNT375,,MIGO_GR,,,12:00:00 AM,,,,,,,,
375,5000000267,2017,WE,WE,PR,10/8/17,10/8/17,10/8/17,4:15:01 PM,,GBI-033,,,,0,,1,,CAICLNT375,,MIGO_GR,,,12:00:00 AM,,,,,,,,
375,5000000268,2017,WE,WE,PR,10/9/17,10/9/17,10/9/17,4:15:14 PM,,GBI-033,,,,0,,1,,CAICLNT375,,MIGO_GR,,,12:00:00 AM,,,,,,,,
375,5000000269,2017,WE,WE,PR,10/10/17,10/10/17,10/10/17,4:15:26 PM,,GBI-033,,,,0,,1,,CAICLNT375,,MIGO_GR,,,12:00:00 AM,,,,,,,,
375,5000000270,2017,WE,WE,PR,10/11/17,10/11/17,10/11/17,4:15:39 PM,,GBI-033,,,,0,,1,,CAICLNT375,,MIGO_GR,,,12:00:00 AM,,,,,,,,
375,5000000271,2017,WE,WE,PR,10/12/17,10/12/17,10/12/17,4:15:51 PM,,GBI-033,,,,0,,1,,CAICLNT375,,MIGO_GR,,,12:00:00 AM,,,,,,,,
375,5000000272,2017,WE,WE,PR,10/13/17,10/13/17,10/13/17,4:16:01 PM,,GBI-033,,,,0,,1,,CAICLNT375,,MIGO_GR,,,12:00:00 AM,,,,,,,,
375,5000000273,2017,WE,WE,PR,10/14/17,10/14/17,10/14/17,4:16:14 PM,,GBI-033,,,,0,,1,,CAICLNT375,,MIGO_GR,,,12:00:00 AM,,,,,,,,
375,5000000274,2017,WE,WE,PR,10/15/17,10/15/17,10/15/17,4:16:24 PM,,GBI-033,,,,0,,1,,CAICLNT375,,MIGO_GR,,,12:00:00 AM,,,,,,,,
375,5000000275,2017,WE,WE,PR,10/16/17,10/16/17,10/16/17,4:16:34 PM,,GBI-033,,,,0,,1,,CAICLNT375,,MIGO_GR,,,12:00:00 AM,,,,,,,,
375,5000000276,2017,WE,WE,PR,10/17/17,10/17/17,10/17/17,4:16:43 PM,,GBI-033,,,,0,,1,,CAICLNT375,,MIGO_GR,,,12:00:00 AM,,,,,,,,
375,5000000277,2017,WE,WE,PR,10/18/17,10/18/17,10/18/17,4:16:54 PM,,GBI-033,,,,0,,1,,CAICLNT375,,MIGO_GR,,,12:00:00 AM,,,,,,,,
375,5000000278,2017,WE,WE,PR,10/19/17,10/19/17,10/19/17,4:17:04 PM,,GBI-033,,,,0,,1,,CAICLNT375,,MIGO_GR,,,12:00:00 AM,,,,,,,,
375,5000000279,2017,WE,WE,PR,10/20/17,10/20/17,10/20/17,4:17:16 PM,,GBI-033,,,,0,,1,,CAICLNT375,,MIGO_GR,,,12:00:00 AM,,,,,,,,
375,5000000280,2017,WE,WE,PR,10/21/17,10/21/17,10/21/17,4:17:25 PM,,GBI-033,,,,0,,1,,CAICLNT375,,MIGO_GR,,,12:00:00 AM,,,,,,,,
375,5000000281,2017,WE,WE,PR,10/22/17,10/22/17,10/22/17,4:17:35 PM,,GBI-033,,,,0,,1,,CAICLNT375,,MIGO_GR,,,12:00:00 AM,,,,,,,,
375,5000000282,2017,WE,WE,PR,10/23/17,10/23/17,10/23/17,4:17:47 PM,,GBI-033,,,,0,,1,,CAICLNT375,,MIGO_GR,,,12:00:00 AM,,,,,,,,
375,5000000283,2017,WE,WE,PR,10/24/17,10/24/17,10/24/17,11:41:52 PM,,GBI-026,,,,0,,1,,CAICLNT375,,MIGO_GR,,,12:00:00 AM,,,,,,,,
375,5000000284,2017,WE,WE,PR,10/25/17,10/25/17,10/25/17,11:52:10 PM,,GBIFAC-01,,,,0,,,,CAICLNT375,,ML81N,,,12:00:00 AM,,,,,,,,
375,5000000285,2017,WE,WE,PR,10/26/17,10/26/17,10/26/17,11:52:35 PM,,GBI-018,,,,0,,,,CAICLNT375,,ML81N,,,12:00:00 AM,,,,,,,,
375,5000000286,2017,WE,WE,PR,10/27/17,10/27/17,10/27/17,11:52:41 PM,,GBI-018,,,,0,,,,CAICLNT375,,ML81N,,,12:00:00 AM,,,,,,,,
375,5000000287,2017,WE,WE,PR,10/28/17,10/28/17,10/28/17,11:52:47 PM,,GBI-018,,,,0,,,,CAICLNT375,,ML81N,,,12:00:00 AM,,,,,,,,
375,5000000288,2017,WE,WE,PR,10/29/17,10/29/17,10/29/17,11:52:52 PM,,GBI-018,,,,0,,,,CAICLNT375,,ML81N,,,12:00:00 AM,,,,,,,,
375,5000000289,2017,WE,WE,PR,10/30/17,10/30/17,10/30/17,11:52:58 PM,,GBI-018,,,,0,,,,CAICLNT375,,ML81N,,,12:00:00 AM,,,,,,,,
375,5000000290,2017,WE,WE,PR,10/31/17,10/31/17,10/31/17,11:53:06 PM,,GBI-018,,,,0,,,,CAICLNT375,,ML81N,,,12:00:00 AM,,,,,,,,
375,5000000291,2017,WE,WE,PR,11/1/17,11/1/17,11/1/17,11:53:11 PM,,GBIFAC-01,,,,0,,,,CAICLNT375,,ML81N,,,12:00:00 AM,,,,,,,,
375,5000000292,2017,WE,WE,PR,11/2/17,11/2/17,11/2/17,12:06:18 AM,,GBI-026,,,,0,,1,,CAICLNT375,,MIGO_GR,,,12:00:00 AM,,,,,,,,
375,5000000293,2017,WE,WE,PR,11/3/17,11/3/17,11/3/17,3:35:52 PM,,GBI-024,,,,0,,1,,CAICLNT375,,MIGO_GR,,,12:00:00 AM,,,,,,,,
375,5000000294,2017,WE,WE,PR,11/4/17,11/4/17,11/4/17,4:38:41 PM,,GBI-031,,,,0,,1,,CAICLNT375,,MIGO_GR,,,12:00:00 AM,,,,,,,,
375,5000000295,2017,WE,WE,PR,11/5/17,11/5/17,11/5/17,4:39:47 PM,,GBI-031,,,,0,,1,,CAICLNT375,,MIGO_GR,,,12:00:00 AM,,,,,,,,
375,5000000296,2017,WE,WE,PR,11/6/17,11/6/17,11/6/17,4:41:33 PM,,GBI-031,,,,0,,1,,CAICLNT375,,MIGO_GR,,,12:00:00 AM,,,,,,,,
375,5000000297,2017,WE,WE,PR,11/7/17,11/7/17,11/7/17,4:41:50 PM,,GBI-031,,,,0,,1,,CAICLNT375,,MIGO_GR,,,12:00:00 AM,,,,,,,,
375,5000000298,2017,WE,WE,PR,11/8/17,11/8/17,11/8/17,4:42:08 PM,,GBI-031,,,,0,,1,,CAICLNT375,,MIGO_GR,,,12:00:00 AM,,,,,,,,
375,5000000299,2017,WE,WE,PR,11/9/17,11/9/17,11/9/17,4:42:22 PM,,GBI-031,,,,0,,1,,CAICLNT375,,MIGO_GR,,,12:00:00 AM,,,,,,,,
375,5000000300,2017,WE,WE,PR,11/10/17,11/10/17,11/10/17,4:42:42 PM,,GBI-031,,,,0,,1,,CAICLNT375,,MIGO_GR,,,12:00:00 AM,,,,,,,,
375,5000000301,2017,WE,WE,PR,11/11/17,11/11/17,11/11/17,4:43:33 PM,,GBI-031,,,,0,,1,,CAICLNT375,,MIGO_GR,,,12:00:00 AM,,,,,,,,
375,5000000302,2017,WE,WE,PR,11/12/17,11/12/17,11/12/17,4:44:03 PM,,GBI-031,,,,0,,1,,CAICLNT375,,MIGO_GR,,,12:00:00 AM,,,,,,,,
375,5000000303,2017,WE,WE,PR,11/13/17,11/13/17,11/13/17,4:44:16 PM,,GBI-031,,,,0,,1,,CAICLNT375,,MIGO_GR,,,12:00:00 AM,,,,,,,,
375,5000000304,2017,WE,WE,PR,11/14/17,11/14/17,11/14/17,4:45:04 PM,,GBI-031,,,,0,,1,,CAICLNT375,,MIGO_GR,,,12:00:00 AM,,,,,,,,
375,5000000305,2017,WE,WE,PR,11/15/17,11/15/17,11/15/17,4:45:26 PM,,GBI-031,,,,0,,1,,CAICLNT375,,MIGO_GR,,,12:00:00 AM,,,,,,,,
375,5000000306,2017,WE,WE,PR,11/16/17,11/16/17,11/16/17,4:52:53 PM,,GBI-031,,,,0,,1,,CAICLNT375,,MIGO_GR,,,12:00:00 AM,,,,,,,,
375,5000000307,2017,WE,WE,PR,11/17/17,11/17/17,11/17/17,4:53:32 PM,,GBI-031,,,,0,,1,,CAICLNT375,,MIGO_GR,,,12:00:00 AM,,,,,,,,
375,5000000308,2017,WE,WE,PR,11/18/17,11/18/17,11/18/17,4:53:59 PM,,GBI-031,,,,0,,1,,CAICLNT375,,MIGO_GR,,,12:00:00 AM,,,,,,,,
375,5000000309,2017,WE,WE,PR,11/19/17,11/19/17,11/19/17,4:54:31 PM,,GBI-031,,,,0,,1,,CAICLNT375,,MIGO_GR,,,12:00:00 AM,,,,,,,,
375,5000000310,2017,WE,WE,PR,11/20/17,11/20/17,11/20/17,4:55:54 PM,,GBI-031,,,,0,,1,,CAICLNT375,,MIGO_GR,,,12:00:00 AM,,,,,,,,
375,5000000311,2017,WE,WE,PR,11/21/17,11/21/17,11/21/17,4:56:24 PM,,GBI-031,,,,0,,1,,CAICLNT375,,MIGO_GR,,,12:00:00 AM,,,,,,,,
375,5000000312,2017,WE,WE,PR,11/22/17,11/22/17,11/22/17,4:57:03 PM,,GBI-031,,,,0,,1,,CAICLNT375,,MIGO_GR,,,12:00:00 AM,,,,,,,,
375,5000000313,2017,WE,WE,PR,11/23/17,11/23/17,11/23/17,4:57:29 PM,,GBI-031,,,,0,,1,,CAICLNT375,,MIGO_GR,,,12:00:00 AM,,,,,,,,
375,5000000314,2017,WE,WE,PR,11/24/17,11/24/17,11/24/17,4:57:59 PM,,GBI-031,,,,0,,1,,CAICLNT375,,MIGO_GR,,,12:00:00 AM,,,,,,,,
375,5000000315,2017,WE,WE,PR,11/25/17,11/25/17,11/25/17,4:58:47 PM,,GBI-031,,,,0,,1,,CAICLNT375,,MIGO_GR,,,12:00:00 AM,,,,,,,,
375,5000000316,2017,WE,WE,PR,11/26/17,11/26/17,11/26/17,4:59:14 PM,,GBI-031,,,,0,,1,,CAICLNT375,,MIGO_GR,,,12:00:00 AM,,,,,,,,
375,5000000317,2017,WE,WE,PR,11/27/17,11/27/17,11/27/17,4:59:43 PM,,GBI-031,,,,0,,1,,CAICLNT375,,MIGO_GR,,,12:00:00 AM,,,,,,,,
375,5000000318,2017,WE,WE,PR,11/28/17,11/28/17,11/28/17,5:01:03 PM,,GBI-031,,,,0,,1,,CAICLNT375,,MIGO_GR,,,12:00:00 AM,,,,,,,,
375,5000000319,2017,WE,WE,PR,11/29/17,11/29/17,11/29/17,5:01:26 PM,,GBI-031,,,,0,,1,,CAICLNT375,,MIGO_GR,,,12:00:00 AM,,,,,,,,
375,5000000320,2017,WE,WE,PR,11/30/17,11/30/17,11/30/17,5:03:01 PM,,GBI-031,,,,0,,1,,CAICLNT375,,MIGO_GR,,,12:00:00 AM,,,,,,,,
375,5000000321,2017,WE,WE,PR,12/1/17,12/1/17,12/1/17,5:04:49 PM,,GBI-031,,,,0,,1,,CAICLNT375,,MIGO_GR,,,12:00:00 AM,,,,,,,,
375,5000000322,2017,WE,WE,PR,12/2/17,12/2/17,12/2/17,5:08:21 PM,,GBI-024,,,,0,,1,,CAICLNT375,,MIGO_GR,,,12:00:00 AM,,,,,,,,
375,5000000323,2017,WE,WE,PR,12/3/17,12/3/17,12/3/17,5:08:49 PM,,GBI-024,,,,0,,1,,CAICLNT375,,MIGO_GR,,,12:00:00 AM,,,,,,,,
375,5000000324,2017,WE,WE,PR,12/4/17,12/4/17,12/4/17,5:09:13 PM,,GBI-024,,,,0,,1,,CAICLNT375,,MIGO_GR,,,12:00:00 AM,,,,,,,,
375,5000000325,2017,WE,WE,PR,12/5/17,12/5/17,12/5/17,5:09:30 PM,,GBI-024,,,,0,,1,,CAICLNT375,,MIGO_GR,,,12:00:00 AM,,,,,,,,
375,5000000326,2017,WE,WE,PR,12/6/17,12/6/17,12/6/17,5:10:48 PM,,GBI-031,,,,0,,1,,CAICLNT375,,MIGO_GR,,,12:00:00 AM,,,,,,,,
375,5000000327,2017,WE,WE,PR,12/7/17,12/7/17,12/7/17,5:11:26 PM,,GBI-031,,,,0,,1,,CAICLNT375,,MIGO_GR,,,12:00:00 AM,,,,,,,,
375,5000000328,2017,WE,WE,PR,12/8/17,12/8/17,12/8/17,5:47:27 PM,,GBI-024,,,,0,,1,,CAICLNT375,,MIGO_GR,,,12:00:00 AM,,,,,,,,
375,5000000329,2017,WE,WE,PR,12/9/17,12/9/17,12/9/17,6:14:03 PM,,GBI-026,,,,0,,1,,CAICLNT375,,MIGO_GR,,,12:00:00 AM,,,,,,,,
375,5000000330,2017,WE,WE,PR,12/10/17,12/10/17,12/10/17,10:30:28 PM,,GBI-024,,,,0,,1,,CAICLNT375,,MIGO_GR,,,12:00:00 AM,,,,,,,,
375,5000000331,2017,WE,WE,PR,12/11/17,12/11/17,12/11/17,11:23:35 PM,,GBI-024,,,,0,,1,,CAICLNT375,,MIGO_GR,,,12:00:00 AM,,,,,,,,
375,5000000332,2017,WE,WE,PR,12/12/17,12/12/17,12/12/17,11:29:35 PM,,GBI-024,,,,0,,1,,CAICLNT375,,MIGO_GR,,,12:00:00 AM,,,,,,,,
375,5000000333,2017,WE,WE,PR,12/13/17,12/13/17,12/13/17,12:34:03 PM,,GBI-026,,,,0,,1,,CAICLNT375,,MIGO_GR,,,12:00:00 AM,,,,,,,,
375,5000000334,2017,WE,WE,PR,12/14/17,12/14/17,12/14/17,1:10:38 PM,,GBI-006,,,,0,,1,,CAICLNT375,,MIGO_GR,,,12:00:00 AM,,,,,,,,
375,5000000335,2017,WE,WE,PR,12/15/17,12/15/17,12/15/17,1:32:48 PM,,GBI-006,,,,0,,1,,CAICLNT375,,MIGO_GR,,,12:00:00 AM,,,,,,,,
375,5000000336,2017,WE,WE,PR,12/16/17,12/16/17,12/16/17,1:50:16 PM,,GBI-006,,,,0,,1,,CAICLNT375,,MIGO_GR,,,12:00:00 AM,,,,,,,,
375,5000000337,2017,WE,WE,PR,12/17/17,12/17/17,12/17/17,2:32:59 PM,,GBI-024,,,,0,,1,,CAICLNT375,,MIGO_GR,,,12:00:00 AM,,,,,,,,
375,5000000338,2017,WE,WE,PR,12/18/17,12/18/17,12/18/17,2:34:56 PM,,GBI-024,,,,0,,1,,CAICLNT375,,MIGO_GR,,,12:00:00 AM,,,,,,,,
375,5000000339,2017,WE,WE,PR,12/19/17,12/19/17,12/19/17,2:35:44 PM,,GBI-024,,,,0,,1,,CAICLNT375,,MIGO_GR,,,12:00:00 AM,,,,,,,,
375,5000000340,2017,WE,WE,PR,12/20/17,12/20/17,12/20/17,2:36:21 PM,,GBI-024,,,,0,,1,,CAICLNT375,,MIGO_GR,,,12:00:00 AM,,,,,,,,
375,5000000341,2017,WE,WE,PR,12/21/17,12/21/17,12/21/17,2:37:06 PM,,GBI-024,,,,0,,1,,CAICLNT375,,MIGO_GR,,,12:00:00 AM,,,,,,,,
375,5000000342,2017,WE,WE,PR,12/22/17,12/22/17,12/22/17,2:44:27 PM,,GBI-024,,,,0,,1,,CAICLNT375,,MIGO_GR,,,12:00:00 AM,,,,,,,,
375,5000000343,2017,WE,WE,PR,12/23/17,12/23/17,12/23/17,2:50:19 PM,,GBI-024,,,,0,,1,,CAICLNT375,,MIGO_GR,,,12:00:00 AM,,,,,,,,
375,5000000344,2017,WE,WE,PR,12/24/17,12/24/17,12/24/17,2:53:39 PM,,GBI-024,,,,0,,1,,CAICLNT375,,MIGO_GR,,,12:00:00 AM,,,,,,,,
375,5000000345,2017,WE,WE,PR,12/25/17,12/25/17,12/25/17,3:02:16 PM,,GBI-024,,,,0,,1,,CAICLNT375,,MIGO_GR,,,12:00:00 AM,,,,,,,,
375,5000000346,2017,WE,WE,PR,12/26/17,12/26/17,12/26/17,3:04:24 PM,,GBI-024,,,,0,,1,,CAICLNT375,,MIGO_GR,,,12:00:00 AM,,,,,,,,
375,5000000347,2017,WE,WE,PR,12/27/17,12/27/17,12/27/17,3:04:57 PM,,GBI-024,,,,0,,1,,CAICLNT375,,MIGO_GR,,,12:00:00 AM,,,,,,,,
375,5000000348,2017,WE,WE,PR,12/28/17,12/28/17,12/28/17,3:05:24 PM,,GBI-024,,,,0,,1,,CAICLNT375,,MIGO_GR,,,12:00:00 AM,,,,,,,,
375,5000000349,2017,WE,WE,PR,12/29/17,12/29/17,12/29/17,3:05:54 PM,,GBI-024,,,,0,,1,,CAICLNT375,,MIGO_GR,,,12:00:00 AM,,,,,,,,
375,5000000350,2017,WE,WE,PR,12/30/17,12/30/17,12/30/17,3:06:47 PM,,GBI-024,,,,0,,1,,CAICLNT375,,MIGO_GR,,,12:00:00 AM,,,,,,,,
375,5000000351,2017,WE,WE,PR,12/31/17,12/31/17,12/31/17,3:07:22 PM,,GBI-024,,,,0,,1,,CAICLNT375,,MIGO_GR,,,12:00:00 AM,,,,,,,,
375,5000000352,2017,WE,WE,PR,1/1/18,1/1/18,1/1/18,3:09:07 PM,,GBI-024,,,,0,,1,,CAICLNT375,,MIGO_GR,,,12:00:00 AM,,,,,,,,
375,5000000353,2017,WE,WE,PR,1/2/18,1/2/18,1/2/18,3:10:16 PM,,GBI-024,,,,0,,1,,CAICLNT375,,MIGO_GR,,,12:00:00 AM,,,,,,,,
375,5000000354,2017,WE,WE,PR,1/3/18,1/3/18,1/3/18,3:10:47 PM,,GBI-024,,,,0,,1,,CAICLNT375,,MIGO_GR,,,12:00:00 AM,,,,,,,,
375,5000000355,2017,WE,WE,PR,1/4/18,1/4/18,1/4/18,3:12:44 PM,,GBI-024,,,,0,,1,,CAICLNT375,,MIGO_GR,,,12:00:00 AM,,,,,,,,
375,5000000356,2017,WE,WE,PR,1/5/18,1/5/18,1/5/18,3:13:30 PM,,GBI-024,,,,0,,1,,CAICLNT375,,MIGO_GR,,,12:00:00 AM,,,,,,,,
375,5000000357,2017,WE,WE,PR,1/6/18,1/6/18,1/6/18,3:13:57 PM,,GBI-024,,,,0,,1,,CAICLNT375,,MIGO_GR,,,12:00:00 AM,,,,,,,,
375,5000000358,2017,WE,WE,PR,1/7/18,1/7/18,1/7/18,3:16:16 PM,,GBI-024,,,,0,,1,,CAICLNT375,,MIGO_GR,,,12:00:00 AM,,,,,,,,
375,5000000359,2017,WE,WE,PR,1/8/18,1/8/18,1/8/18,3:16:41 PM,,GBI-024,,,,0,,1,,CAICLNT375,,MIGO_GR,,,12:00:00 AM,,,,,,,,
375,5000000360,2017,WE,WE,PR,1/9/18,1/9/18,1/9/18,3:31:07 PM,,GBI-035,,,,0,,1,,CAICLNT375,,MIGO_GR,,,12:00:00 AM,,,,,,,,
375,5000000361,2017,WE,WE,PR,1/10/18,1/10/18,1/10/18,4:05:01 PM,,GBI-008,,,,0,,,,CAICLNT375,,ML81N,,,12:00:00 AM,,,,,,,,
375,5000000362,2017,WE,WE,PR,1/11/18,1/11/18,1/11/18,4:32:04 PM,,GBI-038,,,,0,,,,CAICLNT375,,ML81N,,,12:00:00 AM,,,,,,,,
375,5000000363,2017,WE,WE,PR,1/12/18,1/12/18,1/12/18,5:12:44 PM,,GBI-038,,,,0,,,,CAICLNT375,,ML81N,,,12:00:00 AM,,,,,,,,
375,5000000364,2017,WE,WE,PR,1/13/18,1/13/18,1/13/18,5:39:44 PM,,GBI-012,,,,0,,,,CAICLNT375,,ML81N,,,12:00:00 AM,,,,,,,,
375,5000000365,2017,WE,WE,PR,1/14/18,1/14/18,1/14/18,5:50:15 PM,,GBI-012,,,,0,,,,CAICLNT375,,ML81N,,,12:00:00 AM,,,,,,,,
375,5000000366,2017,WE,WE,PR,1/15/18,1/15/18,1/15/18,6:18:09 PM,,GBIFAC-01,,,,0,,,,CAICLNT375,,ML81N,,,12:00:00 AM,,,,,,,,
375,5000000367,2017,WE,WE,PR,1/16/18,1/16/18,1/16/18,6:20:30 PM,,GBI-034,,,,0,,,,CAICLNT375,,ML81N,,,12:00:00 AM,,,,,,,,
375,5000000368,2017,WE,WE,PR,1/17/18,1/17/18,1/17/18,6:21:06 PM,,GBI-045,,,,0,,1,,CAICLNT375,,MIGO_GR,,,12:00:00 AM,,,,,,,,
375,5000000369,2017,WE,WE,PR,1/18/18,1/18/18,1/18/18,6:21:33 PM,,GBI-054,,,,0,,1,,CAICLNT375,,MIGO_GR,,,12:00:00 AM,,,,,,,,
375,5000000370,2017,WE,WE,PR,1/19/18,1/19/18,1/19/18,6:22:19 PM,,GBI-053,,,,0,,1,,CAICLNT375,,MIGO_GR,,,12:00:00 AM,,,,,,,,
375,5000000371,2017,WE,WE,PR,1/20/18,1/20/18,1/20/18,6:24:28 PM,,GBI-054,,,,0,,1,,CAICLNT375,,MIGO_GR,,,12:00:00 AM,,,,,,,,
375,5000000372,2017,WE,WE,PR,1/21/18,1/21/18,1/21/18,6:26:05 PM,,GBI-012,,,,0,,,,CAICLNT375,,ML81N,,,12:00:00 AM,,,,,,,,
375,5000000373,2017,WE,WE,PR,1/22/18,1/22/18,1/22/18,6:28:21 PM,,GBI-008,,,,0,,,,CAICLNT375,,ML81N,,,12:00:00 AM,,,,,,,,
375,5000000374,2017,WE,WE,PR,1/23/18,1/23/18,1/23/18,6:30:55 PM,,GBI-034,,,,0,,,,CAICLNT375,,ML81N,,,12:00:00 AM,,,,,,,,
375,5000000375,2017,WE,WE,PR,1/24/18,1/24/18,1/24/18,6:36:18 PM,,GBI-008,,,,0,,,,CAICLNT375,,ML81N,,,12:00:00 AM,,,,,,,,
375,5000000376,2017,WE,WE,PR,1/25/18,1/25/18,1/25/18,6:37:59 PM,,GBI-034,,,,0,,,,CAICLNT375,,ML81N,,,12:00:00 AM,,,,,,,,
375,5000000377,2017,WE,WE,PR,1/26/18,1/26/18,1/26/18,6:43:06 PM,,GBI-012,,,,0,,,,CAICLNT375,,ML81N,,,12:00:00 AM,,,,,,,,
375,5000000378,2017,WE,WE,PR,1/27/18,1/27/18,1/27/18,6:44:01 PM,,GBI-008,,,,0,,,,CAICLNT375,,ML81N,,,12:00:00 AM,,,,,,,,
375,5000000379,2017,WE,WE,PR,1/28/18,1/28/18,1/28/18,6:44:58 PM,,GBIFAC-01,,,,0,,,,CAICLNT375,,ML81N,,,12:00:00 AM,,,,,,,,
375,5000000380,2017,WE,WE,PR,1/29/18,1/29/18,1/29/18,6:48:27 PM,,GBI-008,,,,0,,,,CAICLNT375,,ML81N,,,12:00:00 AM,,,,,,,,
375,5000000381,2017,WE,WE,PR,1/30/18,1/30/18,1/30/18,6:52:03 PM,,GBIFAC-01,,,,0,,,,CAICLNT375,,ML81N,,,12:00:00 AM,,,,,,,,
375,5000000382,2017,WE,WE,PR,1/31/18,1/31/18,1/31/18,6:54:04 PM,,GBIFAC-01,,,,0,,1,,CAICLNT375,,MIGO_GR,,,12:00:00 AM,,,,,,,,
375,5000000383,2017,WE,WE,PR,2/1/18,2/1/18,2/1/18,6:54:30 PM,,GBI-044,,,,0,,1,,CAICLNT375,,MIGO_GR,,,12:00:00 AM,,,,,,,,
375,5000000384,2017,WE,WE,PR,2/2/18,2/2/18,2/2/18,6:55:16 PM,,GBIFAC-01,,,,0,,1,,CAICLNT375,,MIGO_GR,,,12:00:00 AM,,,,,,,,
375,5000000385,2017,WE,WE,PR,2/3/18,2/3/18,2/3/18,6:55:46 PM,,GBI-053,,,,0,,1,,CAICLNT375,,MIGO_GR,,,12:00:00 AM,,,,,,,,
375,5000000386,2017,WE,WE,PR,2/4/18,2/4/18,2/4/18,6:55:52 PM,,GBI-009,,,,0,,1,,CAICLNT375,,MIGO_GR,,,12:00:00 AM,,,,,,,,
375,5000000387,2017,WE,WE,PR,2/5/18,2/5/18,2/5/18,6:56:09 PM,,GBI-044,,,,0,,1,,CAICLNT375,,MIGO_GR,,,12:00:00 AM,,,,,,,,
375,5000000388,2017,WE,WE,PR,2/6/18,2/6/18,2/6/18,6:56:29 PM,,GBI-053,,,,0,,1,,CAICLNT375,,MIGO_GR,,,12:00:00 AM,,,,,,,,
375,5000000389,2017,WE,WE,PR,2/7/18,2/7/18,2/7/18,6:56:38 PM,,GBI-009,,,,0,,1,,CAICLNT375,,MIGO_GR,,,12:00:00 AM,,,,,,,,
375,5000000390,2017,WE,WE,PR,2/8/18,2/8/18,2/8/18,6:57:04 PM,,GBI-054,,,,0,,1,,CAICLNT375,,MIGO_GR,,,12:00:00 AM,,,,,,,,
375,5000000391,2017,WE,WE,PR,2/9/18,2/9/18,2/9/18,6:57:04 PM,,GBI-053,,,,0,,1,,CAICLNT375,,MIGO_GR,,,12:00:00 AM,,,,,,,,
375,5000000392,2017,WE,WE,PR,2/10/18,2/10/18,2/10/18,6:57:07 PM,,GBI-044,,,,0,,1,,CAICLNT375,,MIGO_GR,,,12:00:00 AM,,,,,,,,
375,5000000393,2017,WE,WE,PR,2/11/18,2/11/18,2/11/18,6:57:34 PM,,GBI-009,,,,0,,1,,CAICLNT375,,MIGO_GR,,,12:00:00 AM,,,,,,,,
375,5000000394,2017,WE,WE,PR,2/12/18,2/12/18,2/12/18,6:57:51 PM,,GBI-053,,,,0,,1,,CAICLNT375,,MIGO_GR,,,12:00:00 AM,,,,,,,,
375,5000000395,2017,WE,WE,PR,2/13/18,2/13/18,2/13/18,6:58:25 PM,,GBI-044,,,,0,,1,,CAICLNT375,,MIGO_GR,,,12:00:00 AM,,,,,,,,
375,5000000396,2017,WE,WE,PR,2/14/18,2/14/18,2/14/18,6:58:29 PM,,GBI-054,,,,0,,1,,CAICLNT375,,MIGO_GR,,,12:00:00 AM,,,,,,,,
375,5000000397,2017,WE,WE,PR,2/15/18,2/15/18,2/15/18,6:59:25 PM,,GBI-054,,,,0,,1,,CAICLNT375,,MIGO_GR,,,12:00:00 AM,,,,,,,,
375,5000000398,2017,WE,WE,PR,2/16/18,2/16/18,2/16/18,6:59:42 PM,,GBIFAC-01,,,,0,,1,,CAICLNT375,,MIGO_GR,,,12:00:00 AM,,,,,,,,
375,5000000399,2017,WE,WE,PR,2/17/18,2/17/18,2/17/18,7:37:42 PM,,GBI-034,,,,0,,,,CAICLNT375,,ML81N,,,12:00:00 AM,,,,,,,,
375,5000000400,2017,WE,WE,PR,2/18/18,2/18/18,2/18/18,7:54:29 PM,,GBI-049,,,,0,,,,CAICLNT375,,ML81N,,,12:00:00 AM,,,,,,,,
375,5000000401,2017,WE,WE,PR,2/19/18,2/19/18,2/19/18,7:55:08 PM,,GBI-034,,,,0,,,,CAICLNT375,,ML81N,,,12:00:00 AM,,,,,,,,
375,5000000402,2017,WE,WE,PR,2/20/18,2/20/18,2/20/18,8:22:37 PM,,GBI-049,,,,0,,,,CAICLNT375,,ML81N,,,12:00:00 AM,,,,,,,,
375,5000000403,2017,WE,WE,PR,2/21/18,2/21/18,2/21/18,8:33:50 PM,,GBI-049,,,,0,,,,CAICLNT375,,ML81N,,,12:00:00 AM,,,,,,,,
375,5000000404,2017,WE,WE,PR,2/22/18,2/22/18,2/22/18,8:46:38 PM,,GBI-049,,,,0,,,,CAICLNT375,,ML81N,,,12:00:00 AM,,,,,,,,
375,5000000405,2017,WE,WE,PR,2/23/18,2/23/18,2/23/18,10:42:51 PM,,GBI-041,,,,0,,1,,CAICLNT375,,MIGO_GR,,,12:00:00 AM,,,,,,,,
375,5000000406,2017,WE,WE,PR,2/24/18,2/24/18,2/24/18,10:43:23 PM,,GBI-047,,,,0,,1,,CAICLNT375,,MIGO_GR,,,12:00:00 AM,,,,,,,,
375,5000000407,2017,WE,WE,PR,2/25/18,2/25/18,2/25/18,10:43:25 PM,,GBI-052,,,,0,,1,,CAICLNT375,,MIGO_GR,,,12:00:00 AM,,,,,,,,
375,5000000408,2017,WE,WE,PR,2/26/18,2/26/18,2/26/18,10:43:52 PM,,GBI-047,,,,0,,1,,CAICLNT375,,MIGO_GR,,,12:00:00 AM,,,,,,,,
375,5000000409,2017,WE,WE,PR,2/27/18,2/27/18,2/27/18,10:44:29 PM,,GBI-047,,,,0,,1,,CAICLNT375,,MIGO_GR,,,12:00:00 AM,,,,,,,,
375,5000000410,2017,WE,WE,PR,2/28/18,2/28/18,2/28/18,10:45:16 PM,,GBI-047,,,,0,,1,,CAICLNT375,,MIGO_GR,,,12:00:00 AM,,,,,,,,
375,5000000411,2017,WE,WE,PR,3/1/18,3/1/18,3/1/18,10:45:26 PM,,GBI-052,,,,0,,1,,CAICLNT375,,MIGO_GR,,,12:00:00 AM,,,,,,,,
375,5000000412,2017,WE,WE,PR,3/2/18,3/2/18,3/2/18,10:46:06 PM,,GBI-047,,,,0,,1,,CAICLNT375,,MIGO_GR,,,12:00:00 AM,,,,,,,,
375,5000000413,2017,WE,WE,PR,3/3/18,3/3/18,3/3/18,10:46:19 PM,,GBI-052,,,,0,,1,,CAICLNT375,,MIGO_GR,,,12:00:00 AM,,,,,,,,
375,5000000414,2017,WE,WE,PR,3/4/18,3/4/18,3/4/18,10:46:48 PM,,GBI-056,,,,0,,1,,CAICLNT375,,MIGO_GR,,,12:00:00 AM,,,,,,,,
375,5000000415,2017,WE,WE,PR,3/5/18,3/5/18,3/5/18,10:46:52 PM,,GBI-052,,,,0,,1,,CAICLNT375,,MIGO_GR,,,12:00:00 AM,,,,,,,,
375,5000000416,2017,WE,WE,PR,3/6/18,3/6/18,3/6/18,10:47:28 PM,,GBI-052,,,,0,,1,,CAICLNT375,,MIGO_GR,,,12:00:00 AM,,,,,,,,
375,5000000417,2017,WE,WE,PR,3/7/18,3/7/18,3/7/18,10:47:58 PM,,GBI-056,,,,0,,1,,CAICLNT375,,MIGO_GR,,,12:00:00 AM,,,,,,,,
375,5000000418,2017,WE,WE,PR,3/8/18,3/8/18,3/8/18,10:47:59 PM,,GBI-047,,,,0,,1,,CAICLNT375,,MIGO_GR,,,12:00:00 AM,,,,,,,,
375,5000000419,2017,WE,WE,PR,3/9/18,3/9/18,3/9/18,10:47:59 PM,,GBI-052,,,,0,,1,,CAICLNT375,,MIGO_GR,,,12:00:00 AM,,,,,,,,
375,5000000420,2017,WE,WE,PR,3/10/18,3/10/18,3/10/18,10:48:26 PM,,GBI-052,,,,0,,1,,CAICLNT375,,MIGO_GR,,,12:00:00 AM,,,,,,,,
375,5000000421,2017,WE,WE,PR,3/11/18,3/11/18,3/11/18,10:48:46 PM,,GBI-056,,,,0,,1,,CAICLNT375,,MIGO_GR,,,12:00:00 AM,,,,,,,,
375,5000000422,2017,WE,WE,PR,3/12/18,3/12/18,3/12/18,10:48:56 PM,,GBI-047,,,,0,,1,,CAICLNT375,,MIGO_GR,,,12:00:00 AM,,,,,,,,
375,5000000423,2017,WE,WE,PR,3/13/18,3/13/18,3/13/18,10:49:05 PM,,GBI-052,,,,0,,1,,CAICLNT375,,MIGO_GR,,,12:00:00 AM,,,,,,,,
375,5000000424,2017,WE,WE,PR,3/14/18,3/14/18,3/14/18,10:49:58 PM,,GBI-041,,,,0,,1,,CAICLNT375,,MIGO_GR,,,12:00:00 AM,,,,,,,,
375,5000000425,2017,WE,WE,PR,3/15/18,3/15/18,3/15/18,10:50:21 PM,,GBI-056,,,,0,,1,,CAICLNT375,,MIGO_GR,,,12:00:00 AM,,,,,,,,
375,5000000426,2017,WE,WE,PR,3/16/18,3/16/18,3/16/18,10:51:01 PM,,GBI-041,,,,0,,1,,CAICLNT375,,MIGO_GR,,,12:00:00 AM,,,,,,,,
375,5000000427,2017,WE,WE,PR,3/17/18,3/17/18,3/17/18,10:51:20 PM,,GBI-056,,,,0,,1,,CAICLNT375,,MIGO_GR,,,12:00:00 AM,,,,,,,,
375,5000000428,2017,WE,WE,PR,3/18/18,3/18/18,3/18/18,10:53:08 PM,,GBI-041,,,,0,,1,,CAICLNT375,,MIGO_GR,,,12:00:00 AM,,,,,,,,
375,5000000429,2017,WE,WE,PR,3/19/18,3/19/18,3/19/18,10:55:39 PM,,GBI-041,,,,0,,1,,CAICLNT375,,MIGO_GR,,,12:00:00 AM,,,,,,,,
375,5000000430,2017,WE,WE,PR,3/20/18,3/20/18,3/20/18,11:00:10 PM,,GBIFAC-01,,,,0,,1,,CAICLNT375,,MIGO_GR,,,12:00:00 AM,,,,,,,,
375,5000000431,2017,WE,WE,PR,3/21/18,3/21/18,3/21/18,11:01:29 PM,,GBI-045,,,,0,,1,,CAICLNT375,,MIGO_GR,,,12:00:00 AM,,,,,,,,
375,5000000432,2017,WE,WE,PR,3/22/18,3/22/18,3/22/18,11:02:22 PM,,GBI-045,,,,0,,1,,CAICLNT375,,MIGO_GR,,,12:00:00 AM,,,,,,,,
375,5000000433,2017,WE,WE,PR,3/23/18,3/23/18,3/23/18,11:03:06 PM,,GBI-045,,,,0,,1,,CAICLNT375,,MIGO_GR,,,12:00:00 AM,,,,,,,,
375,5000000434,2017,WE,WE,PR,3/24/18,3/24/18,3/24/18,10:33:19 AM,,GBI-044,,,,0,,1,,CAICLNT375,,MIGO_GR,,,12:00:00 AM,,,,,,,,
375,5000000435,2017,WE,WE,PR,3/25/18,3/25/18,3/25/18,10:34:10 AM,,GBI-044,,,,0,,1,,CAICLNT375,,MIGO_GR,,,12:00:00 AM,,,,,,,,
375,5000000436,2017,WE,WE,PR,3/26/18,3/26/18,3/26/18,10:35:38 AM,,GBI-044,,,,0,,1,,CAICLNT375,,MIGO_GR,,,12:00:00 AM,,,,,,,,
375,5000000437,2017,WE,WE,PR,3/27/18,3/27/18,3/27/18,10:36:15 AM,,GBI-044,,,,0,,1,,CAICLNT375,,MIGO_GR,,,12:00:00 AM,,,,,,,,
375,5000000438,2017,WE,WE,PR,3/28/18,3/28/18,3/28/18,10:36:50 AM,,GBIFAC-01,,,,0,,1,,CAICLNT375,,MIGO_GR,,,12:00:00 AM,,,,,,,,
375,5000000439,2017,WE,WE,PR,3/29/18,3/29/18,3/29/18,3:30:07 PM,,GBI-030,,,,0,,1,,CAICLNT375,,MIGO_GR,,,12:00:00 AM,,,,,,,,
375,5000000440,2017,WE,WE,PR,3/30/18,3/30/18,3/30/18,3:30:35 PM,,GBI-030,,,,0,,1,,CAICLNT375,,MIGO_GR,,,12:00:00 AM,,,,,,,,
375,5000000441,2017,WE,WE,PR,3/31/18,3/31/18,3/31/18,3:31:05 PM,,GBI-030,,,,0,,1,,CAICLNT375,,MIGO_GR,,,12:00:00 AM,,,,,,,,
375,5000000442,2017,WE,WE,PR,4/1/18,4/1/18,4/1/18,3:31:36 PM,,GBI-030,,,,0,,1,,CAICLNT375,,MIGO_GR,,,12:00:00 AM,,,,,,,,
375,5000000443,2017,WE,WE,PR,4/2/18,4/2/18,4/2/18,3:31:59 PM,,GBI-030,,,,0,,1,,CAICLNT375,,MIGO_GR,,,12:00:00 AM,,,,,,,,
375,5000000444,2017,WE,WE,PR,4/3/18,4/3/18,4/3/18,7:14:40 PM,,GBI-063,,,,0,,1,,CAICLNT375,,MIGO_GR,,,12:00:00 AM,,,,,,,,
375,5000000445,2017,WE,WE,PR,4/4/18,4/4/18,4/4/18,7:16:06 PM,,GBI-063,,,,0,,1,,CAICLNT375,,MIGO_GR,,,12:00:00 AM,,,,,,,,
375,5000000446,2017,WE,WE,PR,4/5/18,4/5/18,4/5/18,7:16:48 PM,,GBI-063,,,,0,,1,,CAICLNT375,,MIGO_GR,,,12:00:00 AM,,,,,,,,
375,5000000447,2017,WE,WE,PR,4/6/18,4/6/18,4/6/18,7:17:20 PM,,GBI-063,,,,0,,1,,CAICLNT375,,MIGO_GR,,,12:00:00 AM,,,,,,,,
375,5000000448,2017,WE,WE,PR,4/7/18,4/7/18,4/7/18,7:17:49 PM,,GBIFAC-01,,,,0,,1,,CAICLNT375,,MIGO_GR,,,12:00:00 AM,,,,,,,,
375,5000000449,2017,WE,WE,PR,4/8/18,4/8/18,4/8/18,2:48:38 PM,,GBI-052,,,,0,,1,,CAICLNT375,,MIGO_GR,,,12:00:00 AM,,,,,,,,
375,5000000450,2017,WE,WE,PR,4/9/18,4/9/18,4/9/18,6:56:29 PM,,GBI-024,,,,0,,1,,CAICLNT375,,MIGO_GR,,,12:00:00 AM,,,,,,,,
375,5000000451,2017,WE,WE,PR,4/10/18,4/10/18,4/10/18,6:56:38 PM,,GBI-024,,,,0,,1,,CAICLNT375,,MIGO_GR,,,12:00:00 AM,,,,,,,,
375,5000000452,2017,WE,WE,PR,4/11/18,4/11/18,4/11/18,6:57:04 PM,,GBI-024,,,,0,,1,,CAICLNT375,,MIGO_GR,,,12:00:00 AM,,,,,,,,
375,5000000453,2017,WE,WE,PR,4/12/18,4/12/18,4/12/18,6:57:04 PM,,GBI-024,,,,0,,1,,CAICLNT375,,MIGO_GR,,,12:00:00 AM,,,,,,,,
375,5000000454,2017,WE,WE,PR,4/13/18,4/13/18,4/13/18,6:57:07 PM,,GBI-024,,,,0,,1,,CAICLNT375,,MIGO_GR,,,12:00:00 AM,,,,,,,,
375,5000000455,2017,WE,WE,PR,4/14/18,4/14/18,4/14/18,6:57:34 PM,,GBI-024,,,,0,,1,,CAICLNT375,,MIGO_GR,,,12:00:00 AM,,,,,,,,
375,5000000456,2017,WE,WE,PR,4/15/18,4/15/18,4/15/18,6:57:51 PM,,GBI-024,,,,0,,1,,CAICLNT375,,MIGO_GR,,,12:00:00 AM,,,,,,,,
375,5000000457,2017,WE,WE,PR,4/16/18,4/16/18,4/16/18,6:58:25 PM,,GBI-024,,,,0,,1,,CAICLNT375,,MIGO_GR,,,12:00:00 AM,,,,,,,,
375,5000000458,2017,WE,WE,PR,4/17/18,4/17/18,4/17/18,6:58:29 PM,,GBI-035,,,,0,,1,,CAICLNT375,,MIGO_GR,,,12:00:00 AM,,,,,,,,
375,5000000459,2017,WE,WE,PR,4/18/18,4/18/18,4/18/18,6:59:25 PM,,GBI-008,,,,0,,1,,CAICLNT375,,MIGO_GR,,,12:00:00 AM,,,,,,,,
375,5000000460,2017,WE,WE,PR,4/19/18,4/19/18,4/19/18,6:59:42 PM,,GBI-038,,,,0,,1,,CAICLNT375,,MIGO_GR,,,12:00:00 AM,,,,,,,,
375,5000000461,2017,WE,WE,PR,4/20/18,4/20/18,4/20/18,7:37:42 PM,,GBI-038,,,,0,,1,,CAICLNT375,,MIGO_GR,,,12:00:00 AM,,,,,,,,
375,5000000462,2017,WE,WE,PR,4/21/18,4/21/18,4/21/18,7:54:29 PM,,GBI-012,,,,0,,1,,CAICLNT375,,MIGO_GR,,,12:00:00 AM,,,,,,,,
375,5000000463,2017,WE,WE,PR,4/22/18,4/22/18,4/22/18,7:55:08 PM,,GBI-012,,,,0,,1,,CAICLNT375,,MIGO_GR,,,12:00:00 AM,,,,,,,,
375,5000000464,2017,WE,WE,PR,4/23/18,4/23/18,4/23/18,8:22:37 PM,,GBI-008,,,,0,,1,,CAICLNT375,,MIGO_GR,,,12:00:00 AM,,,,,,,,
375,5000000465,2017,WE,WE,PR,4/24/18,4/24/18,4/24/18,8:33:50 PM,,GBI-034,,,,0,,1,,CAICLNT375,,MIGO_GR,,,12:00:00 AM,,,,,,,,
375,5000000466,2017,WE,WE,PR,4/25/18,4/25/18,4/25/18,8:46:38 PM,,GBI-045,,,,0,,1,,CAICLNT375,,MIGO_GR,,,12:00:00 AM,,,,,,,,
375,5000000467,2017,WE,WE,PR,4/26/18,4/26/18,4/26/18,10:42:51 PM,,GBI-054,,,,0,,1,,CAICLNT375,,MIGO_GR,,,12:00:00 AM,,,,,,,,
375,5000000468,2017,WE,WE,PR,4/27/18,4/27/18,4/27/18,10:43:23 PM,,GBI-053,,,,0,,1,,CAICLNT375,,MIGO_GR,,,12:00:00 AM,,,,,,,,
375,5000000469,2017,WE,WE,PR,4/28/18,4/28/18,4/28/18,10:43:25 PM,,GBI-054,,,,0,,1,,CAICLNT375,,MIGO_GR,,,12:00:00 AM,,,,,,,,
375,5000000470,2017,WE,WE,PR,4/29/18,4/29/18,4/29/18,10:43:52 PM,,GBI-012,,,,0,,1,,CAICLNT375,,MIGO_GR,,,12:00:00 AM,,,,,,,,
375,5000000471,2017,WE,WE,PR,4/30/18,4/30/18,4/30/18,10:44:29 PM,,GBI-008,,,,0,,1,,CAICLNT375,,MIGO_GR,,,12:00:00 AM,,,,,,,,
375,5000000472,2017,WE,WE,PR,5/1/18,5/1/18,5/1/18,10:45:16 PM,,GBI-034,,,,0,,1,,CAICLNT375,,MIGO_GR,,,12:00:00 AM,,,,,,,,
375,5000000473,2017,WE,WE,PR,5/2/18,5/2/18,5/2/18,10:45:26 PM,,GBI-008,,,,0,,1,,CAICLNT375,,MIGO_GR,,,12:00:00 AM,,,,,,,,
375,5000000474,2017,WE,WE,PR,5/3/18,5/3/18,5/3/18,10:46:06 PM,,GBI-034,,,,0,,1,,CAICLNT375,,MIGO_GR,,,12:00:00 AM,,,,,,,,
375,5000000475,2017,WE,WE,PR,5/4/18,5/4/18,5/4/18,10:46:19 PM,,GBI-012,,,,0,,1,,CAICLNT375,,MIGO_GR,,,12:00:00 AM,,,,,,,,
375,5000000476,2017,WE,WE,PR,5/5/18,5/5/18,5/5/18,10:46:48 PM,,GBI-008,,,,0,,1,,CAICLNT375,,MIGO_GR,,,12:00:00 AM,,,,,,,,
375,5000000477,2017,WE,WE,PR,5/6/18,5/6/18,5/6/18,10:46:52 PM,,GBI-034,,,,0,,1,,CAICLNT375,,MIGO_GR,,,12:00:00 AM,,,,,,,,
375,5000000478,2017,WE,WE,PR,5/7/18,5/7/18,5/7/18,10:47:28 PM,,GBI-008,,,,0,,1,,CAICLNT375,,MIGO_GR,,,12:00:00 AM,,,,,,,,
375,5000000479,2017,WE,WE,PR,5/8/18,5/8/18,5/8/18,10:47:58 PM,,GBI-034,,,,0,,1,,CAICLNT375,,MIGO_GR,,,12:00:00 AM,,,,,,,,
375,5000000480,2017,WE,WE,PR,5/9/18,5/9/18,5/9/18,6:56:29 PM,,GBI-009,,,,0,,1,,CAICLNT375,,MIGO_GR,,,12:00:00 AM,,,,,,,,
375,5000000481,2017,WE,WE,PR,5/10/18,5/10/18,5/10/18,6:56:38 PM,,GBI-044,,,,0,,1,,CAICLNT375,,MIGO_GR,,,12:00:00 AM,,,,,,,,
375,5000000482,2017,WE,WE,PR,5/11/18,5/11/18,5/11/18,6:57:04 PM,,GBI-009,,,,0,,1,,CAICLNT375,,MIGO_GR,,,12:00:00 AM,,,,,,,,
375,5000000483,2017,WE,WE,PR,5/12/18,5/12/18,5/12/18,6:57:04 PM,,GBI-053,,,,0,,1,,CAICLNT375,,MIGO_GR,,,12:00:00 AM,,,,,,,,
375,5000000484,2017,WE,WE,PR,5/13/18,5/13/18,5/13/18,6:57:07 PM,,GBI-009,,,,0,,1,,CAICLNT375,,MIGO_GR,,,12:00:00 AM,,,,,,,,
375,5000000485,2017,WE,WE,PR,5/14/18,5/14/18,5/14/18,6:57:34 PM,,GBI-044,,,,0,,1,,CAICLNT375,,MIGO_GR,,,12:00:00 AM,,,,,,,,
375,5000000486,2017,WE,WE,PR,5/15/18,5/15/18,5/15/18,6:57:51 PM,,GBI-053,,,,0,,1,,CAICLNT375,,MIGO_GR,,,12:00:00 AM,,,,,,,,
375,5000000487,2017,WE,WE,PR,5/16/18,5/16/18,5/16/18,6:58:25 PM,,GBI-009,,,,0,,1,,CAICLNT375,,MIGO_GR,,,12:00:00 AM,,,,,,,,
375,5000000488,2017,WE,WE,PR,5/17/18,5/17/18,5/17/18,6:58:29 PM,,GBI-054,,,,0,,1,,CAICLNT375,,MIGO_GR,,,12:00:00 AM,,,,,,,,
375,5000000489,2017,WE,WE,PR,5/18/18,5/18/18,5/18/18,6:59:25 PM,,GBI-053,,,,0,,1,,CAICLNT375,,MIGO_GR,,,12:00:00 AM,,,,,,,,
375,5000000490,2017,WE,WE,PR,5/19/18,5/19/18,5/19/18,6:59:42 PM,,GBI-044,,,,0,,1,,CAICLNT375,,MIGO_GR,,,12:00:00 AM,,,,,,,,
375,5000000491,2017,WE,WE,PR,5/20/18,5/20/18,5/20/18,7:37:42 PM,,GBI-009,,,,0,,1,,CAICLNT375,,MIGO_GR,,,12:00:00 AM,,,,,,,,
375,5000000492,2017,WE,WE,PR,5/21/18,5/21/18,5/21/18,7:54:29 PM,,GBI-053,,,,0,,1,,CAICLNT375,,MIGO_GR,,,12:00:00 AM,,,,,,,,
375,5000000493,2017,WE,WE,PR,5/22/18,5/22/18,5/22/18,7:55:08 PM,,GBI-044,,,,0,,1,,CAICLNT375,,MIGO_GR,,,12:00:00 AM,,,,,,,,
375,5000000494,2017,WE,WE,PR,5/23/18,5/23/18,5/23/18,8:22:37 PM,,GBI-054,,,,0,,1,,CAICLNT375,,MIGO_GR,,,12:00:00 AM,,,,,,,,
375,5000000495,2017,WE,WE,PR,5/24/18,5/24/18,5/24/18,8:33:50 PM,,GBI-054,,,,0,,1,,CAICLNT375,,MIGO_GR,,,12:00:00 AM,,,,,,,,
375,5000000496,2017,WE,WE,PR,5/25/18,5/25/18,5/25/18,8:46:38 PM,,GBI-044,,,,0,,1,,CAICLNT375,,MIGO_GR,,,12:00:00 AM,,,,,,,,
375,5000000497,2017,WE,WE,PR,5/26/18,5/26/18,5/26/18,10:42:51 PM,,GBI-034,,,,0,,1,,CAICLNT375,,MIGO_GR,,,12:00:00 AM,,,,,,,,
375,5000000498,2017,WE,WE,PR,5/27/18,5/27/18,5/27/18,10:43:23 PM,,GBI-049,,,,0,,1,,CAICLNT375,,MIGO_GR,,,12:00:00 AM,,,,,,,,
375,5000000499,2017,WE,WE,PR,5/28/18,5/28/18,5/28/18,10:43:25 PM,,GBI-034,,,,0,,1,,CAICLNT375,,MIGO_GR,,,12:00:00 AM,,,,,,,,
375,5000000500,2017,WE,WE,PR,5/29/18,5/29/18,5/29/18,10:43:52 PM,,GBI-049,,,,0,,1,,CAICLNT375,,MIGO_GR,,,12:00:00 AM,,,,,,,,
375,5000000501,2017,WE,WE,PR,5/30/18,5/30/18,5/30/18,10:44:29 PM,,GBI-049,,,,0,,1,,CAICLNT375,,MIGO_GR,,,12:00:00 AM,,,,,,,,
375,5000000502,2017,WE,WE,PR,5/31/18,5/31/18,5/31/18,10:45:16 PM,,GBI-049,,,,0,,1,,CAICLNT375,,MIGO_GR,,,12:00:00 AM,,,,,,,,
375,5000000503,2017,WE,WE,PR,6/1/18,6/1/18,6/1/18,10:45:26 PM,,GBI-041,,,,0,,1,,CAICLNT375,,MIGO_GR,,,12:00:00 AM,,,,,,,,
375,5000000504,2017,WE,WE,PR,6/2/18,6/2/18,6/2/18,10:46:06 PM,,GBI-047,,,,0,,1,,CAICLNT375,,MIGO_GR,,,12:00:00 AM,,,,,,,,
375,5000000505,2017,WE,WE,PR,6/3/18,6/3/18,6/3/18,10:46:19 PM,,GBI-052,,,,0,,1,,CAICLNT375,,MIGO_GR,,,12:00:00 AM,,,,,,,,
375,5000000506,2017,WE,WE,PR,6/4/18,6/4/18,6/4/18,10:46:48 PM,,GBI-047,,,,0,,1,,CAICLNT375,,MIGO_GR,,,12:00:00 AM,,,,,,,,
375,5000000507,2017,WE,WE,PR,6/5/18,6/5/18,6/5/18,10:46:52 PM,,GBI-047,,,,0,,1,,CAICLNT375,,MIGO_GR,,,12:00:00 AM,,,,,,,,
375,5000000508,2017,WE,WE,PR,6/6/18,6/6/18,6/6/18,10:47:28 PM,,GBI-047,,,,0,,1,,CAICLNT375,,MIGO_GR,,,12:00:00 AM,,,,,,,,
375,5000000509,2017,WE,WE,PR,6/7/18,6/7/18,6/7/18,10:47:58 PM,,GBI-052,,,,0,,1,,CAICLNT375,,MIGO_GR,,,12:00:00 AM,,,,,,,,
375,5000000510,2017,WE,WE,PR,6/8/18,6/8/18,6/8/18,6:56:29 PM,,GBI-047,,,,0,,1,,CAICLNT375,,MIGO_GR,,,12:00:00 AM,,,,,,,,
375,5000000511,2017,WE,WE,PR,6/9/18,6/9/18,6/9/18,6:56:38 PM,,GBI-052,,,,0,,1,,CAICLNT375,,MIGO_GR,,,12:00:00 AM,,,,,,,,
375,5000000512,2017,WE,WE,PR,6/10/18,6/10/18,6/10/18,6:57:04 PM,,GBI-056,,,,0,,1,,CAICLNT375,,MIGO_GR,,,12:00:00 AM,,,,,,,,
375,5000000513,2017,WE,WE,PR,6/11/18,6/11/18,6/11/18,6:57:04 PM,,GBI-052,,,,0,,1,,CAICLNT375,,MIGO_GR,,,12:00:00 AM,,,,,,,,
375,5000000514,2017,WE,WE,PR,6/12/18,6/12/18,6/12/18,6:57:07 PM,,GBI-052,,,,0,,1,,CAICLNT375,,MIGO_GR,,,12:00:00 AM,,,,,,,,
375,5000000515,2017,WE,WE,PR,6/13/18,6/13/18,6/13/18,6:57:34 PM,,GBI-056,,,,0,,1,,CAICLNT375,,MIGO_GR,,,12:00:00 AM,,,,,,,,
375,5000000516,2017,WE,WE,PR,6/14/18,6/14/18,6/14/18,6:57:51 PM,,GBIFAC-01,,,,0,,1,,CAICLNT375,,MIGO_GR,,,12:00:00 AM,,,,,,,,
375,5000000517,2017,WE,WE,PR,6/15/18,6/15/18,6/15/18,6:58:25 PM,,GBIFAC-01,,,,0,,1,,CAICLNT375,,MIGO_GR,,,12:00:00 AM,,,,,,,,
375,5000000518,2017,WE,WE,PR,6/16/18,6/16/18,6/16/18,6:58:29 PM,,GBIFAC-01,,,,0,,1,,CAICLNT375,,MIGO_GR,,,12:00:00 AM,,,,,,,,
375,5000000519,2017,WE,WE,PR,6/17/18,6/17/18,6/17/18,6:59:25 PM,,GBIFAC-01,,,,0,,1,,CAICLNT375,,MIGO_GR,,,12:00:00 AM,,,,,,,,
375,5000000520,2017,WE,WE,PR,6/18/18,6/18/18,6/18/18,6:59:42 PM,,GBIFAC-01,,,,0,,1,,CAICLNT375,,MIGO_GR,,,12:00:00 AM,,,,,,,,
375,5000000521,2017,WE,WE,PR,6/19/18,6/19/18,6/19/18,7:37:42 PM,,GBIFAC-01,,,,0,,1,,CAICLNT375,,MIGO_GR,,,12:00:00 AM,,,,,,,,
375,5000000522,2017,WE,WE,PR,6/20/18,6/20/18,6/20/18,7:54:29 PM,,GBIFAC-01,,,,0,,1,,CAICLNT375,,MIGO_GR,,,12:00:00 AM,,,,,,,,
375,5000000523,2017,WE,WE,PR,6/21/18,6/21/18,6/21/18,7:55:08 PM,,GBIFAC-01,,,,0,,1,,CAICLNT375,,MIGO_GR,,,12:00:00 AM,,,,,,,,
375,5000000524,2017,WE,WE,PR,6/22/18,6/22/18,6/22/18,8:22:37 PM,,GBIFAC-01,,,,0,,1,,CAICLNT375,,MIGO_GR,,,12:00:00 AM,,,,,,,,
375,5000000525,2017,WE,WE,PR,6/23/18,6/23/18,6/23/18,8:33:50 PM,,GBIFAC-01,,,,0,,1,,CAICLNT375,,MIGO_GR,,,12:00:00 AM,,,,,,,,
375,5000000526,2017,WE,WE,PR,6/24/18,6/24/18,6/24/18,8:46:38 PM,,GBIFAC-01,,,,0,,1,,CAICLNT375,,MIGO_GR,,,12:00:00 AM,,,,,,,,
375,5000000527,2017,WE,WE,PR,6/25/18,6/25/18,6/25/18,10:42:51 PM,,GBIFAC-01,,,,0,,1,,CAICLNT375,,MIGO_GR,,,12:00:00 AM,,,,,,,,
375,5000000528,2017,WE,WE,PR,6/26/18,6/26/18,6/26/18,10:43:23 PM,,GBIFAC-01,,,,0,,1,,CAICLNT375,,MIGO_GR,,,12:00:00 AM,,,,,,,,
375,5000000529,2017,WE,WE,PR,6/27/18,6/27/18,6/27/18,10:43:25 PM,,GBIFAC-01,,,,0,,1,,CAICLNT375,,MIGO_GR,,,12:00:00 AM,,,,,,,,
375,5000000530,2017,WE,WE,PR,6/28/18,6/28/18,6/28/18,10:43:52 PM,,GBIFAC-01,,,,0,,1,,CAICLNT375,,MIGO_GR,,,12:00:00 AM,,,,,,,,
,,,,,,,,,,,,,,,,,,,,,,,,,,,,,,,,
,,,,,,,,,,,,,,,,,,,,,,,,,,,,,,,,
,,,,,,,,,,,,,,,,,,,,,,,,,,,,,,,,
,,,,,,,,,,,,,,,,,,,,,,,,,,,,,,,,
,,,,,,,,,,,,,,,,,,,,,,,,,,,,,,,,
,,,,,,,,,,,,,,,,,,,,,,,,,,,,,,,,
,,,,,,,,,,,,,,,,,,,,,,,,,,,,,,,,
,,,,,,,,,,,,,,,,,,,,,,,,,,,,,,,,
,,,,,,,,,,,,,,,,,,,,,,,,,,,,,,,,